
REPLACE INTO `smart_scripts` VALUES ('60003', '0', '139', '0', '62', '0', '100', '0', '50140', '1', '0', '0', '0', '11', '69693', '2', '0', '0', '0', '0', '7', '0', '0', '0', '0', '0', '0', '0', '0', 'Heal Me! HP');
REPLACE INTO `smart_scripts` VALUES ('60003', '0', '140', '0', '62', '0', '100', '0', '50140', '1', '0', '0', '0', '11', '28718', '2', '0', '0', '0', '0', '7', '0', '0', '0', '0', '0', '0', '0', '0', 'Heal Me! Mana');
REPLACE INTO `smart_scripts` VALUES ('60003', '0', '141', '0', '62', '0', '100', '0', '50140', '0', '0', '0', '0', '11', '56525', '2', '0', '0', '0', '0', '7', '0', '0', '0', '0', '0', '0', '0', '0', 'Blessing of Kings');
REPLACE INTO `smart_scripts` VALUES ('60003', '0', '142', '0', '62', '0', '100', '0', '50140', '0', '0', '0', '0', '11', '15366', '2', '0', '0', '0', '0', '7', '0', '0', '0', '0', '0', '0', '0', '0', 'Songflower Serenade');
REPLACE INTO `smart_scripts` VALUES ('60003', '0', '143', '0', '62', '0', '100', '0', '50140', '0', '0', '0', '0', '11', '48073', '2', '0', '0', '0', '0', '7', '0', '0', '0', '0', '0', '0', '0', '0', 'Divine Spirit');
REPLACE INTO `smart_scripts` VALUES ('60003', '0', '144', '0', '62', '0', '100', '0', '50140', '0', '0', '0', '0', '11', '48161', '2', '0', '0', '0', '0', '7', '0', '0', '0', '0', '0', '0', '0', '0', 'Power Word: Fortitude');
REPLACE INTO `smart_scripts` VALUES ('60003', '0', '145', '0', '62', '0', '100', '0', '50140', '0', '0', '0', '0', '11', '48169', '2', '0', '0', '0', '0', '7', '0', '0', '0', '0', '0', '0', '0', '0', 'Shadow Protection');
REPLACE INTO `smart_scripts` VALUES ('60003', '0', '146', '0', '62', '0', '100', '0', '50140', '0', '0', '0', '0', '11', '42995', '2', '0', '0', '0', '0', '7', '0', '0', '0', '0', '0', '0', '0', '0', 'Arcane Intellect');
REPLACE INTO `smart_scripts` VALUES ('60003', '0', '147', '0', '62', '0', '100', '0', '50140', '0', '0', '0', '0', '11', '48469', '2', '0', '0', '0', '0', '7', '0', '0', '0', '0', '0', '0', '0', '0', 'Mark of the Wild');
REPLACE INTO `smart_scripts` VALUES ('60003', '0', '148', '0', '62', '0', '100', '0', '50140', '0', '0', '0', '0', '11', '66068', '2', '0', '0', '0', '0', '7', '0', '0', '0', '0', '0', '0', '0', '0', 'Thorns');
REPLACE INTO `smart_scripts` VALUES ('60003', '0', '149', '0', '62', '0', '100', '0', '50140', '2', '0', '0', '0', '28', '15007', '2', '0', '0', '0', '0', '7', '0', '0', '0', '0', '0', '0', '0', '0', 'Remove Sickness');
REPLACE INTO `smart_scripts` VALUES ('60003', '0', '150', '0', '62', '0', '100', '0', '62141', '0', '0', '0', '0', '56', '60143', '1', '0', '0', '0', '0', '7', '0', '0', '0', '0', '0', '0', '0', '0', 'Zaumzeug Pferd');
REPLACE INTO `smart_scripts` VALUES ('60003', '0', '151', '0', '62', '0', '100', '0', '50141', '1', '0', '0', '0', '56', '60160', '20', '0', '0', '0', '0', '7', '0', '0', '0', '0', '0', '0', '0', '0', 'Rolle Wolf');
REPLACE INTO `smart_scripts` VALUES ('60003', '0', '152', '0', '62', '0', '100', '0', '50141', '2', '0', '0', '0', '56', '60161', '20', '0', '0', '0', '0', '7', '0', '0', '0', '0', '0', '0', '0', '0', 'Rolle Pferd');
REPLACE INTO `smart_scripts` VALUES ('60003', '0', '153', '0', '62', '0', '100', '0', '50141', '3', '0', '0', '0', '56', '60019', '20', '0', '0', '0', '0', '7', '0', '0', '0', '0', '0', '0', '0', '0', 'Rolle Schlachtross');
REPLACE INTO `smart_scripts` VALUES ('60003', '0', '154', '0', '62', '0', '100', '0', '50141', '4', '0', '0', '0', '56', '60023', '200', '0', '0', '0', '0', '7', '0', '0', '0', '0', '0', '0', '0', '0', 'Runenpfeile');
REPLACE INTO `smart_scripts` VALUES ('60003', '0', '155', '0', '62', '0', '100', '0', '50141', '5', '0', '0', '0', '56', '60149', '1', '0', '0', '0', '0', '7', '0', '0', '0', '0', '0', '0', '0', '0', 'Tasche des Spenders');
REPLACE INTO `smart_scripts` VALUES ('60003', '0', '156', '0', '62', '0', '100', '0', '50141', '6', '0', '0', '0', '56', '60159', '20', '0', '0', '0', '0', '7', '0', '0', '0', '0', '0', '0', '0', '0', 'Rolle Teufelsjäger');
REPLACE INTO `smart_scripts` VALUES ('60003', '0', '157', '0', '62', '0', '100', '0', '50141', '7', '0', '0', '0', '56', '60162', '20', '0', '0', '0', '0', '7', '0', '0', '0', '0', '0', '0', '0', '0', 'Rolle der Geschwindigkeit');
REPLACE INTO `smart_scripts` VALUES ('60003', '0', '158', '0', '62', '0', '100', '0', '50141', '8', '0', '0', '0', '56', '60140', '1', '0', '0', '0', '0', '7', '0', '0', '0', '0', '0', '0', '0', '0', 'Buch der Stärkungszauber: Nahkampf');
REPLACE INTO `smart_scripts` VALUES ('60003', '0', '159', '0', '62', '0', '100', '0', '50141', '9', '0', '0', '0', '56', '60141', '1', '0', '0', '0', '0', '7', '0', '0', '0', '0', '0', '0', '0', '0', 'Buch der Stärkungszauber: Fernkampf');
REPLACE INTO `smart_scripts` VALUES ('60003', '0', '160', '0', '62', '0', '100', '0', '50141', '10', '0', '0', '0', '56', '60142', '1', '0', '0', '0', '0', '7', '0', '0', '0', '0', '0', '0', '0', '0', 'Buch der Stärkungszauber: Magie');
REPLACE INTO `smart_scripts` VALUES ('60003', '0', '161', '0', '62', '0', '100', '0', '50141', '11', '0', '0', '0', '56', '60144', '1', '0', '0', '0', '0', '7', '0', '0', '0', '0', '0', '0', '0', '0', 'Horn des Grauen Wolfs');

REPLACE INTO `gossip_menu_option` VALUES ('50141', '11', '1', 'Horn des grauen Wolfs', '0', '1', '1', '50141', '0', '0', '0', null, '0', '0');
REPLACE INTO `gossip_menu_option` VALUES ('50141', '10', '1', 'Buch der Stärkung: Magie', '0', '1', '1', '50141', '0', '0', '0', null, '0', '0');
REPLACE INTO `gossip_menu_option` VALUES ('50141', '9', '1', 'Buch der Stärkung: Fernkampf', '0', '1', '1', '50141', '0', '0', '0', null, '0', '0');
REPLACE INTO `gossip_menu_option` VALUES ('50141', '8', '1', 'Buch der Stärkung: Nahkampf', '0', '1', '1', '50141', '0', '0', '0', null, '0', '0');
REPLACE INTO `gossip_menu_option` VALUES ('50141', '7', '1', 'Rolle der Geschwindigkeit', '0', '1', '1', '50141', '0', '0', '0', null, '0', '0');
REPLACE INTO `gossip_menu_option` VALUES ('50141', '6', '1', 'Rolle: Teufelsjäger beschwören', '0', '1', '1', '50141', '0', '0', '0', null, '0', '0');
REPLACE INTO `gossip_menu_option` VALUES ('50141', '5', '1', 'Tasche des Spenders', '0', '1', '1', '50141', '0', '0', '0', null, '0', '0');
REPLACE INTO `gossip_menu_option` VALUES ('50141', '4', '1', 'Runenpfeile', '0', '1', '1', '50141', '0', '0', '0', null, '0', '0');
REPLACE INTO `gossip_menu_option` VALUES ('50141', '3', '1', 'Rolle: Acherus Schlachtross', '0', '1', '1', '50141', '0', '0', '0', null, '0', '0');
REPLACE INTO `gossip_menu_option` VALUES ('50141', '2', '1', 'Rolle: Pferd beschwören', '0', '1', '1', '50141', '0', '0', '0', null, '0', '0');
REPLACE INTO `gossip_menu_option` VALUES ('50141', '1', '1', 'Rolle: Wolf beschwören', '0', '1', '1', '50141', '0', '0', '0', null, '0', '0');
REPLACE INTO `gossip_menu_option` VALUES ('50141', '0', '1', 'Zaumzeug des Pferdes', '0', '1', '1', '50141', '0', '0', '0', null, '0', '0');
REPLACE INTO `gossip_menu_option` VALUES ('50140', '3', '6', 'Gebt mir bitte folgende Gegenstände ....', '0', '1', '1', '50141', '0', '0', '0', null, '0', '0');
REPLACE INTO `gossip_menu_option` VALUES ('50140', '2', '8', 'Todeskrankheit entfernen', '0', '1', '1', '50140', '0', '0', '0', null, '0', '0');
REPLACE INTO `gossip_menu_option` VALUES ('50140', '1', '5', 'Ich benötige dringend Heilung!', '0', '1', '1', '50140', '0', '0', '0', null, '0', '0');
REPLACE INTO `gossip_menu_option` VALUES ('50140', '0', '5', 'Ich benötige etwas Stärkung!', '0', '1', '1', '50140', '0', '0', '0', null, '0', '0');

REPLACE INTO `gossip_menu` VALUES ('60003', '300020', '0');

INSERT INTO `creature_template_addon` VALUES (60000, 0, 0, 0, 0, 0, 0, 0, '30540');

REPLACE INTO `creature_template` VALUES ('60000', '0', '0', '0', '0', '0', '17370', '0', '0', '0', 'Kriegshäuptling Thrall', 'Meister der Portalreisen', 'Directions', '50000', '71', '71', '0', '35', '3', '1', '1.14286', '1.25', '1', '0', '0', '2000', '1', '1', '1', '2', '0', '0', '0', '7', '138936390', '0', '0', '0', '0', '0', '0', '0', 'SmartAI', '0', '1', '1', '1', '1', '1', '1', '0', '0', '1', '0', '0', '2', '', '12340');
REPLACE INTO `creature_template` VALUES ('60001', '0', '0', '0', '0', '0', '28213', '0', '0', '0', 'Lady Sylvanas Windläufer', 'Transmogrifikationen', null, '0', '80', '80', '2', '35', '129', '1', '1.14286', '1.5', '0', '0', '2000', '2000', '1', '1', '1', '0', '0', '0', '0', '7', '138936390', '0', '0', '0', '0', '0', '0', '0', '', '0', '1', '1', '1', '1', '1', '1', '0', '0', '1', '0', '0', '0', 'NPC_TransmogDisplayVendor', '12340');
REPLACE INTO `creature_template` VALUES ('60002', '0', '0', '0', '0', '0', '21572', '0', '0', '0', 'Logan Wolfklinge', 'Hüter von Scholomance', 'Directions', '0', '55', '55', '0', '29', '640', '1', '1.14286', '1', '0', '0', '2000', '2000', '1', '1', '1', '4608', '2048', '0', '0', '7', '0', '0', '0', '0', '0', '0', '0', '0', '', '0', '1', '1.2', '1', '1', '1', '1', '0', '0', '1', '0', '0', '66', '', '12340');
REPLACE INTO `creature_template` VALUES ('60003', '0', '0', '0', '0', '0', '21746', '0', '0', '0', 'Dunkelläuferin Nyumee', 'Stärkungszauber', 'Directions', '50140', '110', '110', '0', '35', '1', '1', '1.14286', '1', '1', '0', '1500', '2000', '1', '1', '1', '2', '2048', '0', '0', '7', '0', '0', '0', '0', '0', '0', '0', '0', 'SmartAI', '0', '1', '1.35', '1', '1', '1', '1', '0', '0', '1', '0', '0', '2', '', '12340');
REPLACE INTO `creature_template` VALUES ('60004', '0', '0', '0', '0', '0', '6825', '0', '0', '0', 'Waldläufer der Winterfelle', null, null, '0', '34', '45', '0', '35', '0', '0.666668', '0.992063', '1', '0', '0', '2000', '2000', '1', '1', '1', '0', '2048', '0', '0', '7', '0', '7156', '7156', '0', '0', '0', '112', '741', '', '1', '1', '1.3', '1', '1', '1', '1', '0', '0', '1', '0', '0', '0', '', '12340');
REPLACE INTO `creature_template` VALUES ('60005', '0', '0', '0', '0', '0', '657', '0', '0', '0', 'Prinz Logan Wolfsblut', '', null, '0', '29', '33', '2', '24', '0', '1', '1.14286', '2.5', '2', '0', '2000', '2000', '1', '1', '1', '0', '2048', '0', '0', '7', '0', '898', '0', '100010', '0', '0', '37', '53', '', '1', '1', '1.05', '1', '1', '1', '1', '0', '0', '1', '0', '0', '0', '', '12340');
REPLACE INTO `creature_template` VALUES ('60006', '0', '0', '0', '0', '0', '14549', '0', '0', '0', 'Ausrüstungsmuli', '', 'Buy', '0', '55', '55', '0', '35', '640', '1', '1.14286', '1', '0', '0', '2000', '2000', '1', '1', '1', '4608', '2048', '0', '0', '7', '0', '0', '0', '0', '0', '0', '0', '0', '', '0', '1', '1.2', '1', '1', '1', '1', '0', '0', '1', '0', '0', '66', '', '12340');
REPLACE INTO `creature_template` VALUES ('60007', '0', '0', '0', '0', '0', '25020', '0', '0', '0', 'Varruk Höllenschrei', 'Spezial Händler', 'Buy', '57024', '10', '10', '0', '35', '129', '1', '1.14286', '1', '0', '0', '1500', '0', '1', '1', '1', '512', '2048', '8', '0', '7', '138412032', '0', '0', '0', '0', '0', '0', '0', '', '0', '1', '1', '1', '1', '1', '1', '0', '0', '1', '0', '0', '2', '', '12340');

REPLACE INTO `smart_scripts` VALUES ('60000', '0', '129', '0', '62', '0', '100', '0', '50008', '7', '0', '0', '0', '62', '571', '0', '0', '0', '0', '0', '7', '0', '0', '0', '0', '6120.46', '-1013.89', '408.39', '5.12322', 'Teleporter script');
REPLACE INTO `smart_scripts` VALUES ('60000', '0', '128', '0', '62', '0', '100', '0', '50008', '6', '0', '0', '0', '62', '571', '0', '0', '0', '0', '0', '7', '0', '0', '0', '0', '5411.17', '-966.37', '167.082', '1.57167', 'Teleporter script');
REPLACE INTO `smart_scripts` VALUES ('60000', '0', '127', '0', '62', '0', '100', '0', '50008', '5', '0', '0', '0', '62', '571', '0', '0', '0', '0', '0', '7', '0', '0', '0', '0', '5614.67', '5818.86', '-69.722', '3.60807', 'Teleporter script');
REPLACE INTO `smart_scripts` VALUES ('60000', '0', '126', '0', '62', '0', '100', '0', '50008', '4', '0', '0', '0', '62', '571', '0', '0', '0', '0', '0', '7', '0', '0', '0', '0', '5560.23', '-3211.66', '371.709', '5.55055', 'Teleporter script');
REPLACE INTO `smart_scripts` VALUES ('60000', '0', '125', '0', '62', '0', '100', '0', '50008', '3', '0', '0', '0', '62', '571', '0', '0', '0', '0', '0', '7', '0', '0', '0', '0', '4017.35', '-3403.85', '290', '5.35431', 'Teleporter script');
REPLACE INTO `smart_scripts` VALUES ('60000', '0', '124', '0', '62', '0', '100', '0', '50008', '2', '0', '0', '0', '62', '571', '0', '0', '0', '0', '0', '7', '0', '0', '0', '0', '2678.17', '891.826', '4.37494', '0.101121', 'Teleporter script');
REPLACE INTO `smart_scripts` VALUES ('60000', '0', '123', '0', '62', '0', '100', '0', '50008', '1', '0', '0', '0', '62', '571', '0', '0', '0', '0', '0', '7', '0', '0', '0', '0', '682.848', '-3978.3', '230.161', '1.54207', 'Teleporter script');
REPLACE INTO `smart_scripts` VALUES ('60000', '0', '122', '0', '62', '0', '100', '0', '50008', '0', '0', '0', '0', '62', '571', '0', '0', '0', '0', '0', '7', '0', '0', '0', '0', '2954.24', '5379.13', '60.4538', '2.55544', 'Teleporter script');
REPLACE INTO `smart_scripts` VALUES ('60000', '0', '121', '0', '62', '0', '100', '0', '50007', '6', '0', '0', '0', '62', '530', '0', '0', '0', '0', '0', '7', '0', '0', '0', '0', '-3681.01', '2350.76', '76.587', '4.25995', 'Teleporter script');
REPLACE INTO `smart_scripts` VALUES ('60000', '0', '120', '0', '62', '0', '100', '0', '50007', '5', '0', '0', '0', '62', '530', '0', '0', '0', '0', '0', '7', '0', '0', '0', '0', '3271.2', '3811.61', '143.153', '3.44101', 'Teleporter script');
REPLACE INTO `smart_scripts` VALUES ('60000', '0', '119', '0', '62', '0', '100', '0', '50007', '4', '0', '0', '0', '62', '530', '0', '0', '0', '0', '0', '7', '0', '0', '0', '0', '2029.75', '6232.07', '133.495', '1.30395', 'Teleporter script');
REPLACE INTO `smart_scripts` VALUES ('60000', '0', '118', '0', '62', '0', '100', '0', '50007', '3', '0', '0', '0', '62', '530', '0', '0', '0', '0', '0', '7', '0', '0', '0', '0', '-1610.85', '7733.62', '-17.2773', '1.33522', 'Teleporter script');
REPLACE INTO `smart_scripts` VALUES ('60000', '0', '117', '0', '62', '0', '100', '0', '50007', '2', '0', '0', '0', '62', '530', '0', '0', '0', '0', '0', '7', '0', '0', '0', '0', '-2266.23', '4244.73', '1.47728', '3.68426', 'Teleporter script');
REPLACE INTO `smart_scripts` VALUES ('60000', '0', '116', '0', '62', '0', '100', '0', '50007', '1', '0', '0', '0', '62', '530', '0', '0', '0', '0', '0', '7', '0', '0', '0', '0', '-220.297', '5378.58', '23.3223', '1.61718', 'Teleporter script');
REPLACE INTO `smart_scripts` VALUES ('60000', '0', '115', '0', '62', '0', '100', '0', '50007', '0', '0', '0', '0', '62', '530', '0', '0', '0', '0', '0', '7', '0', '0', '0', '0', '-207.335', '2035.92', '96.464', '1.59676', 'Teleporter script');
REPLACE INTO `smart_scripts` VALUES ('60000', '0', '114', '0', '62', '0', '100', '0', '50006', '18', '0', '0', '0', '62', '1', '0', '0', '0', '0', '0', '7', '0', '0', '0', '0', '6658.57', '-4553.48', '718.019', '5.18088', 'Teleporter script');
REPLACE INTO `smart_scripts` VALUES ('60000', '0', '113', '0', '62', '0', '100', '0', '50006', '17', '0', '0', '0', '62', '1', '0', '0', '0', '0', '0', '7', '0', '0', '0', '0', '-6815.25', '730.015', '40.9483', '2.39066', 'Teleporter script');
REPLACE INTO `smart_scripts` VALUES ('60000', '0', '112', '0', '62', '0', '100', '0', '50006', '16', '0', '0', '0', '62', '1', '0', '0', '0', '0', '0', '7', '0', '0', '0', '0', '-6291.55', '-1158.62', '-258.138', '0.457099', 'Teleporter script');
REPLACE INTO `smart_scripts` VALUES ('60000', '0', '111', '0', '62', '0', '100', '0', '50006', '15', '0', '0', '0', '62', '1', '0', '0', '0', '0', '0', '7', '0', '0', '0', '0', '3898.8', '-1283.33', '220.519', '6.24307', 'Teleporter script');
REPLACE INTO `smart_scripts` VALUES ('60000', '0', '110', '0', '62', '0', '100', '0', '50006', '14', '0', '0', '0', '62', '1', '0', '0', '0', '0', '0', '7', '0', '0', '0', '0', '3117.12', '-4387.97', '91.9059', '5.49897', 'Teleporter script');
REPLACE INTO `smart_scripts` VALUES ('60000', '0', '109', '0', '62', '0', '100', '0', '50006', '13', '0', '0', '0', '62', '1', '0', '0', '0', '0', '0', '7', '0', '0', '0', '0', '-6940.91', '-3725.7', '48.9381', '3.11174', 'Teleporter script');
REPLACE INTO `smart_scripts` VALUES ('60000', '0', '108', '0', '62', '0', '100', '0', '50006', '12', '0', '0', '0', '62', '1', '0', '0', '0', '0', '0', '7', '0', '0', '0', '0', '-4808.31', '1040.51', '103.769', '2.90655', 'Teleporter script');
REPLACE INTO `smart_scripts` VALUES ('60000', '0', '107', '0', '62', '0', '100', '0', '50006', '11', '0', '0', '0', '62', '1', '0', '0', '0', '0', '0', '7', '0', '0', '0', '0', '-3350.12', '-3064.85', '33.0364', '5.12666', 'Teleporter script');
REPLACE INTO `smart_scripts` VALUES ('60000', '0', '106', '0', '62', '0', '100', '0', '50006', '10', '0', '0', '0', '62', '1', '0', '0', '0', '0', '0', '7', '0', '0', '0', '0', '-656.056', '1510.12', '88.3746', '3.29553', 'Teleporter script');
REPLACE INTO `smart_scripts` VALUES ('60000', '0', '105', '0', '62', '0', '100', '0', '50006', '9', '0', '0', '0', '62', '1', '0', '0', '0', '0', '0', '7', '0', '0', '0', '0', '-5375.53', '-2509.2', '-40.432', '2.41885', 'Teleporter script');
REPLACE INTO `smart_scripts` VALUES ('60000', '0', '104', '0', '62', '0', '100', '0', '50006', '8', '0', '0', '0', '62', '1', '0', '0', '0', '0', '0', '7', '0', '0', '0', '0', '1919.77', '-2169.68', '94.6729', '6.14177', 'Teleporter script');
REPLACE INTO `smart_scripts` VALUES ('60000', '0', '103', '0', '62', '0', '100', '0', '50006', '7', '0', '0', '0', '62', '1', '0', '0', '0', '0', '0', '7', '0', '0', '0', '0', '1574.89', '1031.57', '137.442', '3.8013', 'Teleporter script');
REPLACE INTO `smart_scripts` VALUES ('60000', '0', '102', '0', '62', '0', '100', '0', '50006', '6', '0', '0', '0', '62', '1', '0', '0', '0', '0', '0', '7', '0', '0', '0', '0', '-575.772', '-2652.45', '95.6384', '0.006469', 'Teleporter script');
REPLACE INTO `smart_scripts` VALUES ('60000', '0', '101', '0', '62', '0', '100', '0', '50006', '5', '0', '0', '0', '62', '1', '0', '0', '0', '0', '0', '7', '0', '0', '0', '0', '6463.25', '683.986', '8.92792', '4.33534', 'Teleporter script');
REPLACE INTO `smart_scripts` VALUES ('60000', '0', '100', '0', '62', '0', '100', '0', '50006', '4', '0', '0', '0', '62', '530', '0', '0', '0', '0', '0', '7', '0', '0', '0', '0', '-2095.7', '-11841.1', '51.1557', '6.19288', 'Teleporter script');
REPLACE INTO `smart_scripts` VALUES ('60000', '0', '99', '0', '62', '0', '100', '0', '50006', '3', '0', '0', '0', '62', '1', '0', '0', '0', '0', '0', '7', '0', '0', '0', '0', '-2473.87', '-501.225', '-9.42465', '0.6525', 'Teleporter script');
REPLACE INTO `smart_scripts` VALUES ('60000', '0', '98', '0', '62', '0', '100', '0', '50006', '2', '0', '0', '0', '62', '1', '0', '0', '0', '0', '0', '7', '0', '0', '0', '0', '228.978', '-4741.87', '10.1027', '0.416883', 'Teleporter script');
REPLACE INTO `smart_scripts` VALUES ('60000', '0', '97', '0', '62', '0', '100', '0', '50006', '1', '0', '0', '0', '62', '1', '0', '0', '0', '0', '0', '7', '0', '0', '0', '0', '9889.03', '915.869', '1307.43', '1.9336', 'Teleporter script');
REPLACE INTO `smart_scripts` VALUES ('60000', '0', '96', '0', '62', '0', '100', '0', '50006', '0', '0', '0', '0', '62', '530', '0', '0', '0', '0', '0', '7', '0', '0', '0', '0', '-4192.62', '-12576.7', '36.7598', '1.62813', 'Teleporter script');
REPLACE INTO `smart_scripts` VALUES ('60000', '0', '95', '0', '62', '0', '100', '0', '50005', '23', '0', '0', '0', '62', '530', '0', '0', '0', '0', '0', '7', '0', '0', '0', '0', '12806.5', '-6911.11', '41.1156', '2.22935', 'Teleporter script');
REPLACE INTO `smart_scripts` VALUES ('60000', '0', '94', '0', '62', '0', '100', '0', '50005', '22', '0', '0', '0', '62', '0', '0', '0', '0', '0', '0', '7', '0', '0', '0', '0', '2280.64', '-5275.05', '82.0166', '4.7479', 'Teleporter script');
REPLACE INTO `smart_scripts` VALUES ('60000', '0', '93', '0', '62', '0', '100', '0', '50005', '21', '0', '0', '0', '62', '0', '0', '0', '0', '0', '0', '7', '0', '0', '0', '0', '1743.69', '-1723.86', '59.6648', '5.23722', 'Teleporter script');
REPLACE INTO `smart_scripts` VALUES ('60000', '0', '92', '0', '62', '0', '100', '0', '50005', '20', '0', '0', '0', '62', '0', '0', '0', '0', '0', '0', '7', '0', '0', '0', '0', '-7979.78', '-2105.72', '127.919', '5.10148', 'Teleporter script');
REPLACE INTO `smart_scripts` VALUES ('60000', '0', '91', '0', '62', '0', '100', '0', '50005', '19', '0', '0', '0', '62', '0', '0', '0', '0', '0', '0', '7', '0', '0', '0', '0', '-11184.7', '-3019.31', '7.29238', '3.20542', 'Teleporter script');
REPLACE INTO `smart_scripts` VALUES ('60000', '0', '90', '0', '62', '0', '100', '0', '50005', '18', '0', '0', '0', '62', '0', '0', '0', '0', '0', '0', '7', '0', '0', '0', '0', '-6686.33', '-1198.55', '240.027', '0.916887', 'Teleporter script');
REPLACE INTO `smart_scripts` VALUES ('60000', '0', '89', '0', '62', '0', '100', '0', '50005', '17', '0', '0', '0', '62', '0', '0', '0', '0', '0', '0', '7', '0', '0', '0', '0', '112.406', '-3929.74', '136.358', '0.981903', 'Teleporter script');
REPLACE INTO `smart_scripts` VALUES ('60000', '0', '88', '0', '62', '0', '100', '0', '50005', '16', '0', '0', '0', '62', '0', '0', '0', '0', '0', '0', '7', '0', '0', '0', '0', '-10368.6', '-2731.3', '21.6537', '5.29238', 'Teleporter script');
REPLACE INTO `smart_scripts` VALUES ('60000', '0', '87', '0', '62', '0', '100', '0', '50005', '15', '0', '0', '0', '62', '0', '0', '0', '0', '0', '0', '7', '0', '0', '0', '0', '-6782.56', '-3128.14', '240.48', '5.65912', 'Teleporter script');
REPLACE INTO `smart_scripts` VALUES ('60000', '0', '86', '0', '62', '0', '100', '0', '50005', '14', '0', '0', '0', '62', '0', '0', '0', '0', '0', '0', '7', '0', '0', '0', '0', '-11921.7', '-59.544', '39.7262', '3.73574', 'Teleporter script');
REPLACE INTO `smart_scripts` VALUES ('60000', '0', '85', '0', '62', '0', '100', '0', '50005', '13', '0', '0', '0', '62', '0', '0', '0', '0', '0', '0', '7', '0', '0', '0', '0', '-1581.45', '-2704.06', '35.4168', '0.490373', 'Teleporter script');
REPLACE INTO `smart_scripts` VALUES ('60000', '0', '84', '0', '62', '0', '100', '0', '50005', '12', '0', '0', '0', '62', '0', '0', '0', '0', '0', '0', '7', '0', '0', '0', '0', '275.049', '-652.044', '130.296', '0.502032', 'Teleporter script');
REPLACE INTO `smart_scripts` VALUES ('60000', '0', '83', '0', '62', '0', '100', '0', '50005', '11', '0', '0', '0', '62', '0', '0', '0', '0', '0', '0', '7', '0', '0', '0', '0', '-3517.75', '-913.401', '8.86625', '2.60705', 'Teleporter script');
REPLACE INTO `smart_scripts` VALUES ('60000', '0', '82', '0', '62', '0', '100', '0', '50005', '10', '0', '0', '0', '62', '0', '0', '0', '0', '0', '0', '7', '0', '0', '0', '0', '-385.805', '-787.954', '54.6655', '1.03926', 'Teleporter script');
REPLACE INTO `smart_scripts` VALUES ('60000', '0', '81', '0', '62', '0', '100', '0', '50005', '9', '0', '0', '0', '62', '0', '0', '0', '0', '0', '0', '7', '0', '0', '0', '0', '-10531.7', '-1281.91', '38.8647', '1.56959', 'Teleporter script');
REPLACE INTO `smart_scripts` VALUES ('60000', '0', '80', '0', '62', '0', '100', '0', '50005', '8', '0', '0', '0', '62', '0', '0', '0', '0', '0', '0', '7', '0', '0', '0', '0', '-9447.8', '-2270.85', '71.8224', '0.283853', 'Teleporter script');
REPLACE INTO `smart_scripts` VALUES ('60000', '0', '79', '0', '62', '0', '100', '0', '50005', '7', '0', '0', '0', '62', '0', '0', '0', '0', '0', '0', '7', '0', '0', '0', '0', '-10684.9', '1033.63', '32.5389', '6.07384', 'Teleporter script');
REPLACE INTO `smart_scripts` VALUES ('60000', '0', '78', '0', '62', '0', '100', '0', '50005', '6', '0', '0', '0', '62', '0', '0', '0', '0', '0', '0', '7', '0', '0', '0', '0', '505.126', '1504.63', '124.808', '1.77987', 'Teleporter script');
REPLACE INTO `smart_scripts` VALUES ('60000', '0', '77', '0', '62', '0', '100', '0', '50005', '5', '0', '0', '0', '62', '0', '0', '0', '0', '0', '0', '7', '0', '0', '0', '0', '-5405.85', '-2894.15', '341.972', '5.48238', 'Teleporter script');
REPLACE INTO `smart_scripts` VALUES ('60000', '0', '76', '0', '62', '0', '100', '0', '50005', '4', '0', '0', '0', '62', '530', '0', '0', '0', '0', '0', '7', '0', '0', '0', '0', '7595.73', '-6819.6', '84.3718', '2.56561', 'Teleporter script');
REPLACE INTO `smart_scripts` VALUES ('60000', '0', '75', '0', '62', '0', '100', '0', '50005', '3', '0', '0', '0', '62', '0', '0', '0', '0', '0', '0', '7', '0', '0', '0', '0', '2274.95', '323.918', '34.1137', '4.24367', 'Teleporter script');
REPLACE INTO `smart_scripts` VALUES ('60000', '0', '74', '0', '62', '0', '100', '0', '50005', '2', '0', '0', '0', '62', '0', '0', '0', '0', '0', '0', '7', '0', '0', '0', '0', '-5603.76', '-482.704', '396.98', '5.23499', 'Teleporter script');
REPLACE INTO `smart_scripts` VALUES ('60000', '0', '73', '0', '62', '0', '100', '0', '50005', '1', '0', '0', '0', '62', '530', '0', '0', '0', '0', '0', '7', '0', '0', '0', '0', '9024.37', '-6682.55', '16.8973', '3.14131', 'Teleporter script');
REPLACE INTO `smart_scripts` VALUES ('60000', '0', '72', '0', '62', '0', '100', '0', '50005', '0', '0', '0', '0', '62', '0', '0', '0', '0', '0', '0', '7', '0', '0', '0', '0', '-9449.06', '64.8392', '56.3581', '3.07047', 'Teleporter script');
REPLACE INTO `smart_scripts` VALUES ('60000', '0', '71', '0', '62', '0', '100', '0', '50004', '22', '0', '0', '0', '62', '530', '0', '0', '0', '0', '0', '7', '0', '0', '0', '0', '6851.78', '-7972.57', '179.242', '4.64691', 'Teleporter script');
REPLACE INTO `smart_scripts` VALUES ('60000', '0', '70', '0', '62', '0', '100', '0', '50004', '21', '0', '0', '0', '62', '0', '0', '0', '0', '0', '0', '7', '0', '0', '0', '0', '-11916.7', '-1215.72', '92.289', '4.72454', 'Teleporter script');
REPLACE INTO `smart_scripts` VALUES ('60000', '0', '69', '0', '62', '0', '100', '0', '50004', '19', '0', '0', '0', '62', '571', '0', '0', '0', '0', '0', '7', '0', '0', '0', '0', '5453.72', '2840.79', '421.28', '0', 'Teleporter script');
REPLACE INTO `smart_scripts` VALUES ('60000', '0', '68', '0', '62', '0', '100', '0', '50004', '18', '0', '0', '0', '62', '571', '0', '0', '0', '0', '0', '7', '0', '0', '0', '0', '9222.88', '-1113.59', '1216.12', '6.27549', 'Teleporter script');
REPLACE INTO `smart_scripts` VALUES ('60000', '0', '67', '0', '62', '0', '100', '0', '50004', '17', '0', '0', '0', '62', '571', '0', '0', '0', '0', '0', '7', '0', '0', '0', '0', '3472.43', '264.923', '-120.146', '3.27923', 'Teleporter script');
REPLACE INTO `smart_scripts` VALUES ('60000', '0', '66', '0', '62', '0', '100', '0', '50004', '16', '0', '0', '0', '62', '571', '0', '0', '0', '0', '0', '7', '0', '0', '0', '0', '3784.17', '7028.84', '161.258', '5.79993', 'Teleporter script');
REPLACE INTO `smart_scripts` VALUES ('60000', '0', '65', '0', '62', '0', '100', '0', '50004', '15', '0', '0', '0', '62', '1', '0', '0', '0', '0', '0', '7', '0', '0', '0', '0', '-8240.09', '1991.32', '129.072', '0.941603', 'Teleporter script');
REPLACE INTO `smart_scripts` VALUES ('60000', '0', '64', '0', '62', '0', '100', '0', '50004', '14', '0', '0', '0', '62', '530', '0', '0', '0', '0', '0', '7', '0', '0', '0', '0', '3088.49', '1381.57', '184.863', '4.61973', 'Teleporter script');
REPLACE INTO `smart_scripts` VALUES ('60000', '0', '63', '0', '62', '0', '100', '0', '50004', '13', '0', '0', '0', '62', '530', '0', '0', '0', '0', '0', '7', '0', '0', '0', '0', '12574.1', '-6774.81', '15.0904', '3.13788', 'Teleporter script');
REPLACE INTO `smart_scripts` VALUES ('60000', '0', '62', '0', '62', '0', '100', '0', '50004', '12', '0', '0', '0', '62', '1', '0', '0', '0', '0', '0', '7', '0', '0', '0', '0', '-8409.82', '1499.06', '27.7179', '2.51868', 'Teleporter script');
REPLACE INTO `smart_scripts` VALUES ('60000', '0', '61', '0', '62', '0', '100', '0', '50004', '11', '0', '0', '0', '62', '1', '0', '0', '0', '0', '0', '7', '0', '0', '0', '0', '-4708.27', '-3727.64', '54.5589', '3.72786', 'Teleporter script');
REPLACE INTO `smart_scripts` VALUES ('60000', '0', '60', '0', '62', '0', '100', '0', '50004', '10', '0', '0', '0', '62', '571', '0', '0', '0', '0', '0', '7', '0', '0', '0', '0', '3668.72', '-1262.46', '243.622', '4.785', 'Teleporter script');
REPLACE INTO `smart_scripts` VALUES ('60000', '0', '59', '0', '62', '0', '100', '0', '50004', '9', '0', '0', '0', '62', '230', '0', '0', '0', '0', '0', '7', '0', '0', '0', '0', '1126.64', '-459.94', '-102.535', '3.46095', 'Teleporter script');
REPLACE INTO `smart_scripts` VALUES ('60000', '0', '58', '0', '62', '0', '100', '0', '50004', '8', '0', '0', '0', '62', '0', '0', '0', '0', '0', '0', '7', '0', '0', '0', '0', '-11118.9', '-2010.33', '47.0819', '0.649895', 'Teleporter script');
REPLACE INTO `smart_scripts` VALUES ('60000', '0', '57', '0', '62', '0', '100', '0', '50004', '7', '0', '0', '0', '62', '571', '0', '0', '0', '0', '0', '7', '0', '0', '0', '0', '5855.22', '2102.03', '635.991', '3.57899', 'Teleporter script');
REPLACE INTO `smart_scripts` VALUES ('60000', '0', '56', '0', '62', '0', '100', '0', '50004', '6', '0', '0', '0', '62', '530', '0', '0', '0', '0', '0', '7', '0', '0', '0', '0', '-336.411', '3130.46', '-102.928', '5.20322', 'Teleporter script');
REPLACE INTO `smart_scripts` VALUES ('60000', '0', '55', '0', '62', '0', '100', '0', '50004', '5', '0', '0', '0', '62', '530', '0', '0', '0', '0', '0', '7', '0', '0', '0', '0', '3530.06', '5104.08', '3.50861', '5.51117', 'Teleporter script');
REPLACE INTO `smart_scripts` VALUES ('60000', '0', '54', '0', '62', '0', '100', '0', '50004', '4', '0', '0', '0', '62', '571', '0', '0', '0', '0', '0', '7', '0', '0', '0', '0', '8515.61', '714.153', '558.248', '1.57753', 'Teleporter script');
REPLACE INTO `smart_scripts` VALUES ('60000', '0', '53', '0', '62', '0', '100', '0', '50004', '3', '0', '0', '0', '62', '530', '0', '0', '0', '0', '0', '7', '0', '0', '0', '0', '797.855', '6865.77', '-65.4165', '0.005938', 'Teleporter script');
REPLACE INTO `smart_scripts` VALUES ('60000', '0', '52', '0', '62', '0', '100', '0', '50004', '2', '0', '0', '0', '62', '1', '0', '0', '0', '0', '0', '7', '0', '0', '0', '0', '-8177.89', '-4181.23', '-167.552', '0.913338', 'Teleporter script');
REPLACE INTO `smart_scripts` VALUES ('60000', '0', '51', '0', '62', '0', '100', '0', '50004', '1', '0', '0', '0', '62', '229', '0', '0', '0', '0', '0', '7', '0', '0', '0', '0', '152.451', '-474.881', '116.84', '0.001073', 'Teleporter script');
REPLACE INTO `smart_scripts` VALUES ('60000', '0', '50', '0', '62', '0', '100', '0', '50004', '0', '0', '0', '0', '62', '530', '0', '0', '0', '0', '0', '7', '0', '0', '0', '0', '-3649.92', '317.469', '35.2827', '2.94285', 'Teleporter script');
REPLACE INTO `smart_scripts` VALUES ('60000', '0', '49', '0', '62', '0', '100', '0', '50003', '11', '0', '0', '0', '62', '571', '0', '0', '0', '0', '0', '7', '0', '0', '0', '0', '1267.24', '-4857.3', '215.764', '3.22768', 'Teleporter script');
REPLACE INTO `smart_scripts` VALUES ('60000', '0', '48', '0', '62', '0', '100', '0', '50003', '10', '0', '0', '0', '62', '571', '0', '0', '0', '0', '0', '7', '0', '0', '0', '0', '1203.41', '-4868.59', '41.2486', '0.283237', 'Teleporter script');
REPLACE INTO `smart_scripts` VALUES ('60000', '0', '47', '0', '62', '0', '100', '0', '50003', '9', '0', '0', '0', '62', '571', '0', '0', '0', '0', '0', '7', '0', '0', '0', '0', '8922.12', '-1009.16', '1039.56', '1.57044', 'Teleporter script');
REPLACE INTO `smart_scripts` VALUES ('60000', '0', '46', '0', '62', '0', '100', '0', '50003', '8', '0', '0', '0', '62', '571', '0', '0', '0', '0', '0', '7', '0', '0', '0', '0', '9136.52', '-1311.81', '1066.29', '5.19113', 'Teleporter script');
REPLACE INTO `smart_scripts` VALUES ('60000', '0', '45', '0', '62', '0', '100', '0', '50003', '7', '0', '0', '0', '62', '571', '0', '0', '0', '0', '0', '7', '0', '0', '0', '0', '5693.08', '502.588', '652.672', '4.0229', 'Teleporter script');
REPLACE INTO `smart_scripts` VALUES ('60000', '0', '44', '0', '62', '0', '100', '0', '50003', '6', '0', '0', '0', '62', '571', '0', '0', '0', '0', '0', '7', '0', '0', '0', '0', '3782.89', '6965.23', '105.088', '6.14194', 'Teleporter script');
REPLACE INTO `smart_scripts` VALUES ('60000', '0', '43', '0', '62', '0', '100', '0', '50003', '5', '0', '0', '0', '62', '571', '0', '0', '0', '0', '0', '7', '0', '0', '0', '0', '5643.16', '2028.81', '798.274', '4.60242', 'Teleporter script');
REPLACE INTO `smart_scripts` VALUES ('60000', '0', '42', '0', '62', '0', '100', '0', '50003', '4', '0', '0', '0', '62', '571', '0', '0', '0', '0', '0', '7', '0', '0', '0', '0', '6722.44', '-4640.67', '450.632', '3.91123', 'Teleporter script');
REPLACE INTO `smart_scripts` VALUES ('60000', '0', '41', '0', '62', '0', '100', '0', '50003', '3', '0', '0', '0', '62', '571', '0', '0', '0', '0', '0', '7', '0', '0', '0', '0', '4765.59', '-2038.24', '229.363', '0.887627', 'Teleporter script');
REPLACE INTO `smart_scripts` VALUES ('60000', '0', '40', '0', '62', '0', '100', '0', '50003', '2', '0', '0', '0', '62', '571', '0', '0', '0', '0', '0', '7', '0', '0', '0', '0', '8590.95', '791.792', '558.235', '3.13127', 'Teleporter script');
REPLACE INTO `smart_scripts` VALUES ('60000', '0', '39', '0', '62', '0', '100', '0', '50003', '1', '0', '0', '0', '62', '1', '0', '0', '0', '0', '0', '7', '0', '0', '0', '0', '-8756.39', '-4440.68', '-199.489', '4.66289', 'Teleporter script');
REPLACE INTO `smart_scripts` VALUES ('60000', '0', '38', '0', '62', '0', '100', '0', '50003', '0', '0', '0', '0', '62', '571', '0', '0', '0', '0', '0', '7', '0', '0', '0', '0', '3707.86', '2150.23', '36.76', '3.22', 'Teleporter script');
REPLACE INTO `smart_scripts` VALUES ('60000', '0', '37', '0', '62', '0', '100', '0', '50002', '5', '0', '0', '0', '62', '530', '0', '0', '0', '0', '0', '7', '0', '0', '0', '0', '3100.48', '1536.49', '190.3', '4.62226', 'Teleporter script');
REPLACE INTO `smart_scripts` VALUES ('60000', '0', '36', '0', '62', '0', '100', '0', '50002', '4', '0', '0', '0', '62', '530', '0', '0', '0', '0', '0', '7', '0', '0', '0', '0', '12884.6', '-7317.69', '65.5023', '4.799', 'Teleporter script');
REPLACE INTO `smart_scripts` VALUES ('60000', '0', '35', '0', '62', '0', '100', '0', '50002', '3', '0', '0', '0', '62', '530', '0', '0', '0', '0', '0', '7', '0', '0', '0', '0', '-347.29', '3089.82', '21.394', '5.68114', 'Teleporter script');
REPLACE INTO `smart_scripts` VALUES ('60000', '0', '34', '0', '62', '0', '100', '0', '50002', '2', '0', '0', '0', '62', '530', '0', '0', '0', '0', '0', '7', '0', '0', '0', '0', '738.865', '6865.77', '-69.4659', '6.27655', 'Teleporter script');
REPLACE INTO `smart_scripts` VALUES ('60000', '0', '33', '0', '62', '0', '100', '0', '50002', '1', '0', '0', '0', '62', '1', '0', '0', '0', '0', '0', '7', '0', '0', '0', '0', '-8369.65', '-4253.11', '-204.272', '-2.70526', 'Teleporter script');
REPLACE INTO `smart_scripts` VALUES ('60000', '0', '32', '0', '62', '0', '100', '0', '50002', '0', '0', '0', '0', '62', '530', '0', '0', '0', '0', '0', '7', '0', '0', '0', '0', '-3324.49', '4943.45', '-101.239', '4.63901', 'Teleporter script');
REPLACE INTO `smart_scripts` VALUES ('60000', '0', '31', '0', '62', '0', '100', '0', '50001', '18', '0', '0', '0', '62', '1', '0', '0', '0', '0', '0', '7', '0', '0', '0', '0', '-6801.19', '-2893.02', '9.00388', '0.158639', 'Teleporter script');
REPLACE INTO `smart_scripts` VALUES ('60000', '0', '30', '0', '62', '0', '100', '0', '50001', '17', '0', '0', '0', '62', '0', '0', '0', '0', '0', '0', '7', '0', '0', '0', '0', '-6071.37', '-2955.16', '209.782', '0.015708', 'Teleporter script');
REPLACE INTO `smart_scripts` VALUES ('60000', '0', '29', '0', '62', '0', '100', '0', '50001', '16', '0', '0', '0', '62', '0', '0', '0', '0', '0', '0', '7', '0', '0', '0', '0', '-10177.9', '-3994.9', '-111.239', '6.01885', 'Teleporter script');
REPLACE INTO `smart_scripts` VALUES ('60000', '0', '28', '0', '62', '0', '100', '0', '50001', '15', '0', '0', '0', '62', '0', '0', '0', '0', '0', '0', '7', '0', '0', '0', '0', '3352.92', '-3379.03', '144.782', '6.25978', 'Teleporter script');
REPLACE INTO `smart_scripts` VALUES ('60000', '0', '27', '0', '62', '0', '100', '0', '50001', '14', '0', '0', '0', '62', '0', '0', '0', '0', '0', '0', '7', '0', '0', '0', '0', '1269.64', '-2556.21', '93.6088', '0.620623', 'Teleporter script');
REPLACE INTO `smart_scripts` VALUES ('60000', '0', '8', '0', '62', '0', '100', '0', '50000', '4', '0', '0', '0', '62', '0', '0', '0', '0', '0', '0', '7', '0', '0', '0', '0', '-4900.47', '-962.585', '501.455', '5.40538', 'Teleporter script');
REPLACE INTO `smart_scripts` VALUES ('60000', '0', '9', '0', '62', '0', '100', '0', '50000', '5', '0', '0', '0', '62', '530', '0', '0', '0', '0', '0', '7', '0', '0', '0', '0', '-3864.92', '-11643.7', '-137.644', '5.50862', 'Teleporter script');
REPLACE INTO `smart_scripts` VALUES ('60000', '0', '10', '0', '62', '0', '100', '0', '50000', '6', '0', '0', '0', '62', '1', '0', '0', '0', '0', '0', '7', '0', '0', '0', '0', '-1274.45', '71.8601', '128.159', '2.80623', 'Teleporter script');
REPLACE INTO `smart_scripts` VALUES ('60000', '0', '11', '0', '62', '0', '100', '0', '50000', '7', '0', '0', '0', '62', '0', '0', '0', '0', '0', '0', '7', '0', '0', '0', '0', '1633.75', '240.167', '-43.1034', '6.26128', 'Teleporter script');
REPLACE INTO `smart_scripts` VALUES ('60000', '0', '12', '0', '62', '0', '100', '0', '50000', '8', '0', '0', '0', '62', '530', '0', '0', '0', '0', '0', '7', '0', '0', '0', '0', '9738.28', '-7454.19', '13.5605', '0.043914', 'Teleporter script');
REPLACE INTO `smart_scripts` VALUES ('60000', '0', '13', '0', '62', '0', '100', '0', '50001', '0', '0', '0', '0', '62', '0', '0', '0', '0', '0', '0', '7', '0', '0', '0', '0', '-5163.54', '925.423', '257.181', '1.57423', 'Teleporter script');
REPLACE INTO `smart_scripts` VALUES ('60000', '0', '14', '0', '62', '0', '100', '0', '50001', '1', '0', '0', '0', '62', '0', '0', '0', '0', '0', '0', '7', '0', '0', '0', '0', '-11209.6', '1666.54', '24.6974', '1.42053', 'Teleporter script');
REPLACE INTO `smart_scripts` VALUES ('60000', '0', '15', '0', '62', '0', '100', '0', '50001', '2', '0', '0', '0', '62', '0', '0', '0', '0', '0', '0', '7', '0', '0', '0', '0', '-8799.15', '832.718', '97.6348', '6.04085', 'Teleporter script');
REPLACE INTO `smart_scripts` VALUES ('60000', '0', '16', '0', '62', '0', '100', '0', '50001', '3', '0', '0', '0', '62', '1', '0', '0', '0', '0', '0', '7', '0', '0', '0', '0', '1811.78', '-4410.5', '-18.4704', '5.20165', 'Teleporter script');
REPLACE INTO `smart_scripts` VALUES ('60000', '0', '17', '0', '62', '0', '100', '0', '50001', '4', '0', '0', '0', '62', '1', '0', '0', '0', '0', '0', '7', '0', '0', '0', '0', '-4657.3', '-2519.35', '81.0529', '4.54808', 'Teleporter script');
REPLACE INTO `smart_scripts` VALUES ('60000', '0', '18', '0', '62', '0', '100', '0', '50001', '5', '0', '0', '0', '62', '1', '0', '0', '0', '0', '0', '7', '0', '0', '0', '0', '-4470.28', '-1677.77', '81.3925', '1.16302', 'Teleporter script');
REPLACE INTO `smart_scripts` VALUES ('60000', '0', '19', '0', '62', '0', '100', '0', '50001', '6', '0', '0', '0', '62', '0', '0', '0', '0', '0', '0', '7', '0', '0', '0', '0', '2873.15', '-764.523', '160.332', '5.10447', 'Teleporter script');
REPLACE INTO `smart_scripts` VALUES ('60000', '0', '20', '0', '62', '0', '100', '0', '50001', '7', '0', '0', '0', '62', '0', '0', '0', '0', '0', '0', '7', '0', '0', '0', '0', '-234.675', '1561.63', '76.8921', '1.24031', 'Teleporter script');
REPLACE INTO `smart_scripts` VALUES ('60000', '0', '21', '0', '62', '0', '100', '0', '50001', '8', '0', '0', '0', '62', '1', '0', '0', '0', '0', '0', '7', '0', '0', '0', '0', '-731.607', '-2218.39', '17.0281', '2.78486', 'Teleporter script');
REPLACE INTO `smart_scripts` VALUES ('60000', '0', '22', '0', '62', '0', '100', '0', '50001', '9', '0', '0', '0', '62', '1', '0', '0', '0', '0', '0', '7', '0', '0', '0', '0', '4249.99', '740.102', '-25.671', '1.34062', 'Teleporter script');
REPLACE INTO `smart_scripts` VALUES ('60000', '0', '23', '0', '62', '0', '100', '0', '50001', '10', '0', '0', '0', '62', '0', '0', '0', '0', '0', '0', '7', '0', '0', '0', '0', '-7179.34', '-921.212', '165.821', '5.09599', 'Teleporter script');
REPLACE INTO `smart_scripts` VALUES ('60000', '0', '24', '0', '62', '0', '100', '0', '50001', '11', '0', '0', '0', '62', '0', '0', '0', '0', '0', '0', '7', '0', '0', '0', '0', '-7527.05', '-1226.77', '285.732', '5.29626', 'Teleporter script');
REPLACE INTO `smart_scripts` VALUES ('60000', '0', '25', '0', '62', '0', '100', '0', '50001', '12', '0', '0', '0', '62', '1', '0', '0', '0', '0', '0', '7', '0', '0', '0', '0', '-3520.14', '1119.38', '161.025', '4.70454', 'Teleporter script');
REPLACE INTO `smart_scripts` VALUES ('60000', '0', '26', '0', '62', '0', '100', '0', '50001', '13', '0', '0', '0', '62', '1', '0', '0', '0', '0', '0', '7', '0', '0', '0', '0', '-1421.42', '2907.83', '137.415', '1.70718', 'Teleporter script');
REPLACE INTO `smart_scripts` VALUES ('60000', '0', '7', '0', '62', '0', '100', '0', '50000', '3', '0', '0', '0', '62', '1', '0', '0', '0', '0', '0', '7', '0', '0', '0', '0', '9869.91', '2493.58', '1315.88', '2.78897', 'Teleporter script');
REPLACE INTO `smart_scripts` VALUES ('60000', '0', '6', '0', '62', '0', '100', '0', '50000', '12', '0', '0', '0', '62', '0', '0', '0', '0', '0', '0', '7', '0', '0', '0', '0', '-13181.8', '339.356', '42.9805', '1.18013', 'Teleporter script');
REPLACE INTO `smart_scripts` VALUES ('60000', '0', '5', '0', '62', '0', '100', '0', '50000', '9', '0', '0', '0', '62', '571', '0', '0', '0', '0', '0', '7', '0', '0', '0', '0', '5809.55', '503.975', '657.526', '2.38338', 'Teleporter script');
REPLACE INTO `smart_scripts` VALUES ('60000', '0', '4', '0', '62', '0', '100', '0', '50000', '10', '0', '0', '0', '62', '530', '0', '0', '0', '0', '0', '7', '0', '0', '0', '0', '-1887.62', '5359.09', '-12.4279', '4.40435', 'Teleporter script');
REPLACE INTO `smart_scripts` VALUES ('60000', '0', '3', '0', '62', '0', '100', '0', '50000', '11', '0', '0', '0', '62', '0', '0', '0', '0', '0', '0', '7', '0', '0', '0', '0', '-14281.9', '552.564', '8.90422', '0.860144', 'Teleporter script');
REPLACE INTO `smart_scripts` VALUES ('60000', '0', '2', '0', '62', '0', '100', '0', '50000', '2', '0', '0', '0', '62', '1', '0', '0', '0', '0', '0', '7', '0', '0', '0', '0', '1601.08', '-4378.69', '9.9846', '2.14362', 'Teleporter script');
REPLACE INTO `smart_scripts` VALUES ('60000', '0', '1', '0', '62', '0', '100', '0', '50000', '1', '0', '0', '0', '62', '0', '0', '0', '0', '0', '0', '7', '0', '0', '0', '0', '-8842.09', '626.358', '94.0867', '3.61363', 'Teleporter script');
REPLACE INTO `smart_scripts` VALUES ('60000', '0', '130', '0', '62', '0', '100', '0', '50008', '8', '0', '0', '0', '62', '571', '0', '0', '0', '0', '0', '7', '0', '0', '0', '0', '8323.28', '2763.5', '655.093', '2.87223', 'Teleporter script');
REPLACE INTO `smart_scripts` VALUES ('60000', '0', '131', '0', '62', '0', '100', '0', '50008', '9', '0', '0', '0', '62', '571', '0', '0', '0', '0', '0', '7', '0', '0', '0', '0', '4522.23', '2828.01', '389.975', '0.215009', 'Teleporter script');


REPLACE INTO `gossip_menu_option` VALUES ('50008', '10', '7', 'Zurück..', '0', '1', '1', '50000', '0', '0', '0', null, '0', '0');
REPLACE INTO `gossip_menu_option` VALUES ('50058', '1', '8', 'Ironforge Intro', '0', '1', '1', '50058', '0', '0', '0', 'Sure about the song?', '0', '0');
REPLACE INTO `gossip_menu_option` VALUES ('50008', '9', '2', 'Tausendwinter', '0', '1', '1', '0', '0', '0', '0', 'Bist du sicher, du willst wirklich dorthin reisen?', '0', '0');
REPLACE INTO `gossip_menu_option` VALUES ('50008', '8', '2', 'Eiskrone', '0', '1', '1', '0', '0', '0', '0', 'Bist du sicher, du willst wirklich dorthin reisen?', '0', '0');
REPLACE INTO `gossip_menu_option` VALUES ('50008', '7', '2', 'Sturmspitzen', '0', '1', '1', '0', '0', '0', '0', 'Bist du sicher, du willst wirklich dorthin reisen?', '0', '0');
REPLACE INTO `gossip_menu_option` VALUES ('50008', '6', '2', 'Kristallsangwald', '0', '1', '1', '0', '0', '0', '0', 'Bist du sicher, du willst wirklich dorthin reisen?', '0', '0');
REPLACE INTO `gossip_menu_option` VALUES ('50008', '5', '2', 'Scholazarbecken', '0', '1', '1', '0', '0', '0', '0', 'Bist du sicher, du willst wirklich dorthin reisen?', '0', '0');
REPLACE INTO `gossip_menu_option` VALUES ('50008', '4', '2', 'Zul\'Drak', '0', '1', '1', '0', '0', '0', '0', 'Bist du sicher, du willst wirklich dorthin reisen?', '0', '0');
REPLACE INTO `gossip_menu_option` VALUES ('50008', '3', '2', 'Grizzly Hügel', '0', '1', '1', '0', '0', '0', '0', 'Bist du sicher, du willst wirklich dorthin reisen?', '0', '0');
REPLACE INTO `gossip_menu_option` VALUES ('50008', '2', '2', 'Drachenöde', '0', '1', '1', '0', '0', '0', '0', 'Bist du sicher, du willst wirklich dorthin reisen?', '0', '0');
REPLACE INTO `gossip_menu_option` VALUES ('50008', '1', '2', 'Heulender Fjord', '0', '1', '1', '0', '0', '0', '0', 'Bist du sicher, du willst wirklich dorthin reisen?', '0', '0');
REPLACE INTO `gossip_menu_option` VALUES ('50008', '0', '2', 'Boreanische Tundra', '0', '1', '1', '0', '0', '0', '0', 'Bist du sicher, du willst wirklich dorthin reisen?', '0', '0');
REPLACE INTO `gossip_menu_option` VALUES ('50007', '7', '7', 'Zurück..', '0', '1', '1', '50000', '0', '0', '0', null, '0', '0');
REPLACE INTO `gossip_menu_option` VALUES ('50007', '6', '2', 'Schattenmondtal', '0', '1', '1', '0', '0', '0', '0', 'Bist du sicher, du willst wirklich dorthin reisen?', '0', '0');
REPLACE INTO `gossip_menu_option` VALUES ('50007', '5', '2', 'Nethersturm', '0', '1', '1', '0', '0', '0', '0', 'Bist du sicher, du willst wirklich dorthin reisen?', '0', '0');
REPLACE INTO `gossip_menu_option` VALUES ('50007', '4', '2', 'Klingengratgebirge', '0', '1', '1', '0', '0', '0', '0', 'Bist du sicher, du willst wirklich dorthin reisen?', '0', '0');
REPLACE INTO `gossip_menu_option` VALUES ('50007', '3', '2', 'Nagrand', '0', '1', '1', '0', '0', '0', '0', 'Bist du sicher, du willst wirklich dorthin reisen?', '0', '0');
REPLACE INTO `gossip_menu_option` VALUES ('50007', '2', '2', 'Wald von Terokkar', '0', '1', '1', '0', '0', '0', '0', 'Bist du sicher, du willst wirklich dorthin reisen?', '0', '0');
REPLACE INTO `gossip_menu_option` VALUES ('50007', '1', '2', 'Zangarmarschen', '0', '1', '1', '0', '0', '0', '0', 'Bist du sicher, du willst wirklich dorthin reisen?', '0', '0');
REPLACE INTO `gossip_menu_option` VALUES ('50006', '19', '7', 'Zurück..', '0', '1', '1', '50000', '0', '0', '0', null, '0', '0');
REPLACE INTO `gossip_menu_option` VALUES ('50007', '0', '2', 'Höllenfeuerhalbinsel', '0', '1', '1', '0', '0', '0', '0', 'Bist du sicher, du willst wirklich dorthin reisen?', '0', '0');
REPLACE INTO `gossip_menu_option` VALUES ('50006', '18', '2', 'Winterquell', '0', '1', '1', '0', '0', '0', '0', 'Bist du sicher, du willst wirklich dorthin reisen?', '0', '0');
REPLACE INTO `gossip_menu_option` VALUES ('50006', '17', '2', 'Silithus', '0', '1', '1', '0', '0', '0', '0', 'Bist du sicher, du willst wirklich dorthin reisen?', '0', '0');
REPLACE INTO `gossip_menu_option` VALUES ('50006', '16', '2', 'Krater von Un\'Goro', '0', '1', '1', '0', '0', '0', '0', 'Bist du sicher, du willst wirklich dorthin reisen?', '0', '0');
REPLACE INTO `gossip_menu_option` VALUES ('50006', '15', '2', 'Teufelswald', '0', '1', '1', '0', '0', '0', '0', 'Bist du sicher, du willst wirklich dorthin reisen?', '0', '0');
REPLACE INTO `gossip_menu_option` VALUES ('50006', '14', '2', 'Azshara', '0', '1', '1', '0', '0', '0', '0', 'Bist du sicher, du willst wirklich dorthin reisen?', '0', '0');
REPLACE INTO `gossip_menu_option` VALUES ('50006', '13', '2', 'Wüste von Tanaris', '0', '1', '1', '0', '0', '0', '0', 'Bist du sicher, du willst wirklich dorthin reisen?', '0', '0');
REPLACE INTO `gossip_menu_option` VALUES ('50006', '12', '2', 'Feralas', '0', '1', '1', '0', '0', '0', '0', 'Bist du sicher, du willst wirklich dorthin reisen?', '0', '0');
REPLACE INTO `gossip_menu_option` VALUES ('50006', '11', '2', 'Düstermarschen', '0', '1', '1', '0', '0', '0', '0', 'Bist du sicher, du willst wirklich dorthin reisen?', '0', '0');
REPLACE INTO `gossip_menu_option` VALUES ('50006', '10', '2', 'Desolace', '0', '1', '1', '0', '0', '0', '0', 'Bist du sicher, du willst wirklich dorthin reisen?', '0', '0');
REPLACE INTO `gossip_menu_option` VALUES ('50006', '9', '2', 'Tausend Nadeln', '0', '1', '1', '0', '0', '0', '0', 'Bist du sicher, du willst wirklich dorthin reisen?', '0', '0');
REPLACE INTO `gossip_menu_option` VALUES ('50006', '8', '2', 'Eschenwald', '0', '1', '1', '0', '0', '0', '0', 'Bist du sicher, du willst wirklich dorthin reisen?', '0', '0');
REPLACE INTO `gossip_menu_option` VALUES ('50006', '7', '2', 'Steinkrallengebirge', '0', '1', '1', '0', '0', '0', '0', 'Bist du sicher, du willst wirklich dorthin reisen?', '0', '0');
REPLACE INTO `gossip_menu_option` VALUES ('50006', '6', '2', 'Das Brachland', '0', '1', '1', '0', '0', '0', '0', 'Bist du sicher, du willst wirklich dorthin reisen?', '0', '0');
REPLACE INTO `gossip_menu_option` VALUES ('50006', '5', '2', 'Dunkelküste', '0', '1', '1', '0', '0', '0', '0', 'Bist du sicher, du willst wirklich dorthin reisen?', '0', '0');
REPLACE INTO `gossip_menu_option` VALUES ('50006', '4', '2', 'Blutmythos Insel', '0', '1', '1', '0', '0', '0', '0', 'Bist du sicher, du willst wirklich dorthin reisen?', '0', '0');
REPLACE INTO `gossip_menu_option` VALUES ('50006', '3', '2', 'Mulgore', '0', '1', '1', '0', '0', '0', '0', 'Bist du sicher, du willst wirklich dorthin reisen?', '0', '0');
REPLACE INTO `gossip_menu_option` VALUES ('50006', '2', '2', 'Durotar', '0', '1', '1', '0', '0', '0', '0', 'Bist du sicher, du willst wirklich dorthin reisen?', '0', '0');
REPLACE INTO `gossip_menu_option` VALUES ('50006', '1', '2', 'Teldrassil', '0', '1', '1', '0', '0', '0', '0', 'Bist du sicher, du willst wirklich dorthin reisen?', '0', '0');
REPLACE INTO `gossip_menu_option` VALUES ('50005', '24', '7', 'Zurück..', '0', '1', '1', '50000', '0', '0', '0', null, '0', '0');
REPLACE INTO `gossip_menu_option` VALUES ('50006', '0', '2', 'Azurmythos Insel', '0', '1', '1', '0', '0', '0', '0', 'Bist du sicher, du willst wirklich dorthin reisen?', '0', '0');
REPLACE INTO `gossip_menu_option` VALUES ('50005', '23', '2', 'Insel von Quel\'Danas', '0', '1', '1', '0', '0', '0', '0', 'Bist du sicher, du willst wirklich dorthin reisen?', '0', '0');
REPLACE INTO `gossip_menu_option` VALUES ('50005', '22', '2', 'Östliche Pestländer', '0', '1', '1', '0', '0', '0', '0', 'Bist du sicher, du willst wirklich dorthin reisen?', '0', '0');
REPLACE INTO `gossip_menu_option` VALUES ('50005', '21', '2', 'Westliche Pestländer', '0', '1', '1', '0', '0', '0', '0', 'Bist du sicher, du willst wirklich dorthin reisen?', '0', '0');
REPLACE INTO `gossip_menu_option` VALUES ('50005', '20', '2', 'Die brennende Steppe', '0', '1', '1', '0', '0', '0', '0', 'Bist du sicher, du willst wirklich dorthin reisen?', '0', '0');
REPLACE INTO `gossip_menu_option` VALUES ('50005', '19', '2', 'Die verwüsteten Lande', '0', '1', '1', '0', '0', '0', '0', 'Bist du sicher, du willst wirklich dorthin reisen?', '0', '0');
REPLACE INTO `gossip_menu_option` VALUES ('50005', '18', '2', 'Die sengende Schlucht', '0', '1', '1', '0', '0', '0', '0', 'Bist du sicher, du willst wirklich dorthin reisen?', '0', '0');
REPLACE INTO `gossip_menu_option` VALUES ('50005', '17', '2', 'Das Hinterland', '0', '1', '1', '0', '0', '0', '0', 'Bist du sicher, du willst wirklich dorthin reisen?', '0', '0');
REPLACE INTO `gossip_menu_option` VALUES ('50005', '16', '2', 'Sümpfe des Elends', '0', '1', '1', '0', '0', '0', '0', 'Bist du sicher, du willst wirklich dorthin reisen?', '0', '0');
REPLACE INTO `gossip_menu_option` VALUES ('50005', '15', '2', 'Das Ödland', '0', '1', '1', '0', '0', '0', '0', 'Bist du sicher, du willst wirklich dorthin reisen?', '0', '0');
REPLACE INTO `gossip_menu_option` VALUES ('50005', '14', '2', 'Schlingendorntal', '0', '1', '1', '0', '0', '0', '0', 'Bist du sicher, du willst wirklich dorthin reisen?', '0', '0');
REPLACE INTO `gossip_menu_option` VALUES ('50005', '13', '2', 'Arathi Hochland', '0', '1', '1', '0', '0', '0', '0', 'Bist du sicher, du willst wirklich dorthin reisen?', '0', '0');
REPLACE INTO `gossip_menu_option` VALUES ('50005', '12', '2', 'Alteracgebirge', '0', '1', '1', '0', '0', '0', '0', 'Bist du sicher, du willst wirklich dorthin reisen?', '0', '0');
REPLACE INTO `gossip_menu_option` VALUES ('50005', '11', '2', 'Sumpfland', '0', '1', '1', '0', '0', '0', '0', 'Bist du sicher, du willst wirklich dorthin reisen?', '0', '0');
REPLACE INTO `gossip_menu_option` VALUES ('50005', '10', '2', 'Hügelland von Hillsbrad', '0', '1', '1', '0', '0', '0', '0', 'Bist du sicher, du willst wirklich dorthin reisen?', '0', '0');
REPLACE INTO `gossip_menu_option` VALUES ('50005', '9', '2', 'Düsterwald', '0', '1', '1', '0', '0', '0', '0', 'Bist du sicher, du willst wirklich dorthin reisen?', '0', '0');
REPLACE INTO `gossip_menu_option` VALUES ('50005', '8', '2', 'Rotkammgebirge', '0', '1', '1', '0', '0', '0', '0', 'Bist du sicher, du willst wirklich dorthin reisen?', '0', '0');
REPLACE INTO `gossip_menu_option` VALUES ('50005', '7', '2', 'Westfall', '0', '1', '1', '0', '0', '0', '0', 'Bist du sicher, du willst wirklich dorthin reisen?', '0', '0');
REPLACE INTO `gossip_menu_option` VALUES ('50005', '6', '2', 'Silberwald', '0', '1', '1', '0', '0', '0', '0', 'Bist du sicher, du willst wirklich dorthin reisen?', '0', '0');
REPLACE INTO `gossip_menu_option` VALUES ('50005', '5', '2', 'Loch Modan', '0', '1', '1', '0', '0', '0', '0', 'Bist du sicher, du willst wirklich dorthin reisen?', '0', '0');
REPLACE INTO `gossip_menu_option` VALUES ('50005', '4', '2', 'Geisterlande', '0', '1', '1', '0', '0', '0', '0', 'Bist du sicher, du willst wirklich dorthin reisen?', '0', '0');
REPLACE INTO `gossip_menu_option` VALUES ('50005', '3', '2', 'Tirisfall', '0', '1', '1', '0', '0', '0', '0', 'Bist du sicher, du willst wirklich dorthin reisen?', '0', '0');
REPLACE INTO `gossip_menu_option` VALUES ('50005', '2', '2', 'Dun Morogh', '0', '1', '1', '0', '0', '0', '0', 'Bist du sicher, du willst wirklich dorthin reisen?', '0', '0');
REPLACE INTO `gossip_menu_option` VALUES ('50005', '1', '2', 'Immersangwald', '0', '1', '1', '0', '0', '0', '0', 'Bist du sicher, du willst wirklich dorthin reisen?', '0', '0');
REPLACE INTO `gossip_menu_option` VALUES ('50004', '23', '7', 'Zurück..', '0', '1', '1', '50000', '0', '0', '0', null, '0', '0');
REPLACE INTO `gossip_menu_option` VALUES ('50005', '0', '2', 'Wald von Elvynn', '0', '1', '1', '0', '0', '0', '0', 'Bist du sicher, du willst wirklich dorthin reisen?', '0', '0');
REPLACE INTO `gossip_menu_option` VALUES ('50004', '22', '2', 'Zul\'Aman', '0', '1', '1', '0', '0', '0', '0', 'Bist du sicher, du willst wirklich dorthin reisen?', '0', '0');
REPLACE INTO `gossip_menu_option` VALUES ('50004', '21', '2', 'Zul\'Gurub', '0', '1', '1', '0', '0', '0', '0', 'Bist du sicher, du willst wirklich dorthin reisen?', '0', '0');
REPLACE INTO `gossip_menu_option` VALUES ('50004', '19', '2', 'Gewölbe von Archavon', '0', '1', '1', '0', '0', '0', '0', 'Bist du sicher, du willst wirklich dorthin reisen?', '0', '0');
REPLACE INTO `gossip_menu_option` VALUES ('50004', '18', '2', 'Ulduar', '0', '1', '1', '0', '0', '0', '0', 'Bist du sicher, du willst wirklich dorthin reisen?', '0', '0');
REPLACE INTO `gossip_menu_option` VALUES ('50004', '17', '2', 'Das Obsidian Sanktum', '0', '1', '1', '0', '0', '0', '0', 'Bist du sicher, du willst wirklich dorthin reisen?', '0', '0');
REPLACE INTO `gossip_menu_option` VALUES ('50004', '16', '2', 'Das Auge der Ewigkeit', '0', '1', '1', '0', '0', '0', '0', 'Bist du sicher, du willst wirklich dorthin reisen?', '0', '0');
REPLACE INTO `gossip_menu_option` VALUES ('50004', '15', '2', 'Temple von Ahn\'Qiraj', '0', '1', '1', '0', '0', '0', '0', 'Bist du sicher, du willst wirklich dorthin reisen?', '0', '0');
REPLACE INTO `gossip_menu_option` VALUES ('50004', '14', '2', 'Das Auge', '0', '1', '1', '0', '0', '0', '0', 'Bist du sicher, du willst wirklich dorthin reisen?', '0', '0');
REPLACE INTO `gossip_menu_option` VALUES ('50004', '13', '2', 'Sonnenbrunnenplateau', '0', '1', '1', '0', '0', '0', '0', 'Bist du sicher, du willst wirklich dorthin reisen?', '0', '0');
REPLACE INTO `gossip_menu_option` VALUES ('50004', '12', '2', 'Ruinen von Ahn\'Qiraj', '0', '1', '1', '0', '0', '0', '0', 'Bist du sicher, du willst wirklich dorthin reisen?', '0', '0');
REPLACE INTO `gossip_menu_option` VALUES ('50004', '11', '2', 'Onyxia\'s Hort', '0', '1', '1', '0', '0', '0', '0', 'Bist du sicher, du willst wirklich dorthin reisen?', '0', '0');
REPLACE INTO `gossip_menu_option` VALUES ('50004', '10', '2', 'Naxxramas', '0', '1', '1', '0', '0', '0', '0', 'Bist du sicher, du willst wirklich dorthin reisen?', '0', '0');
REPLACE INTO `gossip_menu_option` VALUES ('50004', '9', '2', 'Der geschmolzene Kern', '0', '1', '1', '0', '0', '0', '0', 'Bist du sicher, du willst wirklich dorthin reisen?', '0', '0');
REPLACE INTO `gossip_menu_option` VALUES ('50004', '8', '2', 'Karazhan', '0', '1', '1', '0', '0', '0', '0', 'Bist du sicher, du willst wirklich dorthin reisen?', '0', '0');
REPLACE INTO `gossip_menu_option` VALUES ('50004', '7', '2', 'Eiskronenzitadelle', '0', '1', '1', '0', '0', '0', '0', 'Bist du sicher, du willst wirklich dorthin reisen?', '0', '0');
REPLACE INTO `gossip_menu_option` VALUES ('50004', '6', '2', 'Magtheridon\'s Hort', '0', '1', '1', '0', '0', '0', '0', 'Bist du sicher, du willst wirklich dorthin reisen?', '0', '0');
REPLACE INTO `gossip_menu_option` VALUES ('50004', '5', '2', 'Gruul\'s Hort', '0', '1', '1', '0', '0', '0', '0', 'Bist du sicher, du willst wirklich dorthin reisen?', '0', '0');
REPLACE INTO `gossip_menu_option` VALUES ('50004', '4', '2', 'Prüfung des Kreuzfahrers', '0', '1', '1', '0', '0', '0', '0', 'Bist du sicher, du willst wirklich dorthin reisen?', '0', '0');
REPLACE INTO `gossip_menu_option` VALUES ('50004', '3', '2', 'Serpentshrine Cavern', '0', '1', '1', '0', '0', '0', '0', 'Bist du sicher, du willst wirklich dorthin reisen?', '0', '0');
REPLACE INTO `gossip_menu_option` VALUES ('50004', '2', '2', 'Der Berg Hyjal', '0', '1', '1', '0', '0', '0', '0', 'Bist du sicher, du willst wirklich dorthin reisen?', '0', '0');
REPLACE INTO `gossip_menu_option` VALUES ('50004', '1', '2', 'Der Pechschwingenhort', '0', '1', '1', '0', '0', '0', '0', 'Bist du sicher, du willst wirklich dorthin reisen?', '0', '0');
REPLACE INTO `gossip_menu_option` VALUES ('50003', '12', '7', 'Zurück..', '0', '1', '1', '50000', '0', '0', '0', null, '0', '0');
REPLACE INTO `gossip_menu_option` VALUES ('50004', '0', '2', 'Der schwarze Tempel', '0', '1', '1', '0', '0', '0', '0', 'Bist du sicher, du willst wirklich dorthin reisen?', '0', '0');
REPLACE INTO `gossip_menu_option` VALUES ('50003', '11', '2', 'Höhepunkt von Utgarde', '0', '1', '1', '0', '0', '0', '0', 'Bist du sicher, du willst wirklich dorthin reisen?', '0', '0');
REPLACE INTO `gossip_menu_option` VALUES ('50003', '10', '2', 'Burg Utgarde', '0', '1', '1', '0', '0', '0', '0', 'Bist du sicher, du willst wirklich dorthin reisen?', '0', '0');
REPLACE INTO `gossip_menu_option` VALUES ('50003', '9', '2', 'Hallen der Steine', '0', '1', '1', '0', '0', '0', '0', 'Bist du sicher, du willst wirklich dorthin reisen?', '0', '0');
REPLACE INTO `gossip_menu_option` VALUES ('50003', '8', '2', 'Hallen des Lichts', '0', '1', '1', '0', '0', '0', '0', 'Bist du sicher, du willst wirklich dorthin reisen?', '0', '0');
REPLACE INTO `gossip_menu_option` VALUES ('50003', '7', '2', 'Die violette Festung', '0', '1', '1', '0', '0', '0', '0', 'Bist du sicher, du willst wirklich dorthin reisen?', '0', '0');
REPLACE INTO `gossip_menu_option` VALUES ('50003', '6', '2', 'Nexus Instanzen', '0', '1', '1', '0', '0', '0', '0', 'Bist du sicher, du willst wirklich dorthin reisen?', '0', '0');
REPLACE INTO `gossip_menu_option` VALUES ('50003', '5', '2', 'Eiskronen Zitadelle Instanzen', '0', '1', '1', '0', '0', '0', '0', 'Bist du sicher, du willst wirklich dorthin reisen?', '0', '0');
REPLACE INTO `gossip_menu_option` VALUES ('50003', '4', '2', 'Gundrak', '0', '1', '1', '0', '0', '0', '0', 'Bist du sicher, du willst wirklich dorthin reisen?', '0', '0');
REPLACE INTO `gossip_menu_option` VALUES ('50003', '3', '2', 'Feste Drak\'Tharon', '0', '1', '1', '0', '0', '0', '0', 'Bist du sicher, du willst wirklich dorthin reisen?', '0', '0');
REPLACE INTO `gossip_menu_option` VALUES ('50003', '2', '2', 'Prüfung des Champions', '0', '1', '1', '0', '0', '0', '0', 'Bist du sicher, du willst wirklich dorthin reisen?', '0', '0');
REPLACE INTO `gossip_menu_option` VALUES ('50003', '1', '2', 'Das Ausmerzen von Stratholme', '0', '1', '1', '0', '0', '0', '0', 'Bist du sicher, du willst wirklich dorthin reisen?', '0', '0');
REPLACE INTO `gossip_menu_option` VALUES ('50003', '0', '2', 'Azjol-Nerub', '0', '1', '1', '0', '0', '0', '0', 'Bist du sicher, du willst wirklich dorthin reisen?', '0', '0');
REPLACE INTO `gossip_menu_option` VALUES ('50002', '6', '7', 'Zurück..', '0', '1', '1', '50000', '0', '0', '0', null, '0', '0');
REPLACE INTO `gossip_menu_option` VALUES ('50002', '5', '2', 'Festung der Stürme', '0', '1', '1', '0', '0', '0', '0', 'Bist du sicher, du willst wirklich dorthin reisen?', '0', '0');
REPLACE INTO `gossip_menu_option` VALUES ('50002', '4', '2', 'Terrasse der Magister', '0', '1', '1', '0', '0', '0', '0', 'Bist du sicher, du willst wirklich dorthin reisen?', '0', '0');
REPLACE INTO `gossip_menu_option` VALUES ('50002', '3', '2', 'Die Höllenfeuerzitadelle', '0', '1', '1', '0', '0', '0', '0', 'Bist du sicher, du willst wirklich dorthin reisen?', '0', '0');
REPLACE INTO `gossip_menu_option` VALUES ('50002', '2', '2', 'Die Sklavenunterkünfte', '0', '1', '1', '0', '0', '0', '0', 'Bist du sicher, du willst wirklich dorthin reisen?', '0', '0');
REPLACE INTO `gossip_menu_option` VALUES ('50002', '1', '2', 'Die Höhlen der Zeit', '0', '1', '1', '0', '0', '0', '0', 'Bist du sicher, du willst wirklich dorthin reisen?', '0', '0');
REPLACE INTO `gossip_menu_option` VALUES ('50001', '19', '7', 'Zurück..', '0', '1', '1', '50000', '0', '0', '0', null, '0', '0');
REPLACE INTO `gossip_menu_option` VALUES ('50002', '0', '2', 'Auchindoun', '0', '1', '1', '0', '0', '0', '0', 'Bist du sicher, du willst wirklich dorthin reisen?', '0', '0');
REPLACE INTO `gossip_menu_option` VALUES ('50001', '18', '2', 'Zul\'Farrak', '0', '1', '1', '0', '0', '0', '0', 'Bist du sicher, du willst wirklich dorthin reisen?', '0', '0');
REPLACE INTO `gossip_menu_option` VALUES ('50001', '17', '2', 'Uldaman', '0', '1', '1', '0', '0', '0', '0', 'Bist du sicher, du willst wirklich dorthin reisen?', '0', '0');
REPLACE INTO `gossip_menu_option` VALUES ('50001', '16', '2', 'Der versunkene Tempel', '0', '1', '1', '0', '0', '0', '0', 'Bist du sicher, du willst wirklich dorthin reisen?', '0', '0');
REPLACE INTO `gossip_menu_option` VALUES ('50001', '15', '2', 'Stratholme', '0', '1', '1', '0', '0', '0', '0', 'Bist du sicher, du willst wirklich dorthin reisen?', '0', '0');
REPLACE INTO `gossip_menu_option` VALUES ('50000', '1', '2', 'Sturmwind', '0', '1', '1', '50000', '0', '0', '0', 'Bist du sicher, du willst wirklich dorthin reisen?', '0', '0');
REPLACE INTO `gossip_menu_option` VALUES ('50000', '2', '2', 'Orgrimmar', '0', '1', '1', '50000', '0', '0', '0', 'Bist du sicher, du willst wirklich dorthin reisen?', '0', '0');
REPLACE INTO `gossip_menu_option` VALUES ('50000', '3', '2', 'Darnassus', '0', '1', '1', '50000', '0', '0', '0', 'Bist du sicher, du willst wirklich dorthin reisen?', '0', '0');
REPLACE INTO `gossip_menu_option` VALUES ('50000', '4', '2', 'Eisenschmiede', '0', '1', '1', '50000', '0', '0', '0', 'Bist du sicher, du willst wirklich dorthin reisen?', '0', '0');
REPLACE INTO `gossip_menu_option` VALUES ('50000', '5', '2', 'Die Exodar', '0', '1', '1', '50000', '0', '0', '0', 'Bist du sicher, du willst wirklich dorthin reisen?', '0', '0');
REPLACE INTO `gossip_menu_option` VALUES ('50000', '6', '2', 'Donnerfels', '0', '1', '1', '50000', '0', '0', '0', 'Bist du sicher, du willst wirklich dorthin reisen?', '0', '0');
REPLACE INTO `gossip_menu_option` VALUES ('50000', '7', '2', 'Unterstadt', '0', '1', '1', '50000', '0', '0', '0', 'Bist du sicher, du willst wirklich dorthin reisen?', '0', '0');
REPLACE INTO `gossip_menu_option` VALUES ('50000', '8', '2', 'Silbermond', '0', '1', '1', '50000', '0', '0', '0', 'Bist du sicher, du willst wirklich dorthin reisen?', '0', '0');
REPLACE INTO `gossip_menu_option` VALUES ('50000', '9', '2', 'Dalaran', '0', '1', '1', '50000', '0', '0', '0', 'Bist du sicher, du willst wirklich dorthin reisen?', '0', '0');
REPLACE INTO `gossip_menu_option` VALUES ('50000', '10', '2', 'Shattrath', '0', '1', '1', '50000', '0', '0', '0', 'Bist du sicher, du willst wirklich dorthin reisen?', '0', '0');
REPLACE INTO `gossip_menu_option` VALUES ('50000', '11', '2', 'Beutebucht', '0', '1', '1', '50000', '0', '0', '0', 'Bist du sicher, du willst wirklich dorthin reisen?', '0', '0');
REPLACE INTO `gossip_menu_option` VALUES ('50000', '12', '2', 'Arena der Gurubashi', '0', '1', '1', '50000', '0', '0', '0', 'Bist du sicher, du willst wirklich dorthin reisen?', '0', '0');
REPLACE INTO `gossip_menu_option` VALUES ('50000', '13', '3', 'Östliche Königreiche', '0', '1', '1', '50005', '0', '0', '0', null, '0', '0');
REPLACE INTO `gossip_menu_option` VALUES ('50000', '14', '3', 'Kalimdor', '0', '1', '1', '50006', '0', '0', '0', null, '0', '0');
REPLACE INTO `gossip_menu_option` VALUES ('50000', '15', '3', 'Scherbenwelt', '0', '1', '1', '50007', '0', '0', '0', null, '0', '0');
REPLACE INTO `gossip_menu_option` VALUES ('50000', '16', '3', 'Nordend', '0', '1', '1', '50008', '0', '0', '0', null, '0', '0');
REPLACE INTO `gossip_menu_option` VALUES ('50000', '17', '9', 'Klassische Instanzen', '0', '1', '1', '50001', '0', '0', '0', null, '0', '0');
REPLACE INTO `gossip_menu_option` VALUES ('50000', '18', '9', 'Burning Crusade Instanzen', '0', '1', '1', '50002', '0', '0', '0', null, '0', '0');
REPLACE INTO `gossip_menu_option` VALUES ('50000', '19', '9', 'Lich King Instanzen', '0', '1', '1', '50003', '0', '0', '0', null, '0', '0');
REPLACE INTO `gossip_menu_option` VALUES ('50000', '20', '9', 'Schlachtzug Gebiete', '0', '1', '1', '50004', '0', '0', '0', null, '0', '0');
REPLACE INTO `gossip_menu_option` VALUES ('50001', '0', '2', 'Gnomeregan', '0', '1', '1', '0', '0', '0', '0', 'Bist du sicher, du willst wirklich dorthin reisen?', '0', '0');
REPLACE INTO `gossip_menu_option` VALUES ('50001', '1', '2', 'Die Todesminen', '0', '1', '1', '0', '0', '0', '0', 'Bist du sicher, du willst wirklich dorthin reisen?', '0', '0');
REPLACE INTO `gossip_menu_option` VALUES ('50001', '2', '2', 'Das Verlies', '0', '1', '1', '0', '0', '0', '0', 'Bist du sicher, du willst wirklich dorthin reisen?', '0', '0');
REPLACE INTO `gossip_menu_option` VALUES ('50001', '3', '2', 'Der Flammenschlund', '0', '1', '1', '0', '0', '0', '0', 'Bist du sicher, du willst wirklich dorthin reisen?', '0', '0');
REPLACE INTO `gossip_menu_option` VALUES ('50001', '4', '2', 'Hügel der Klingenhauer', '0', '1', '1', '0', '0', '0', '0', 'Bist du sicher, du willst wirklich dorthin reisen?', '0', '0');
REPLACE INTO `gossip_menu_option` VALUES ('50001', '5', '2', 'Der Kral von Razorfen', '0', '1', '1', '0', '0', '0', '0', 'Bist du sicher, du willst wirklich dorthin reisen?', '0', '0');
REPLACE INTO `gossip_menu_option` VALUES ('50001', '6', '2', 'Das Schalachrote Kloster', '0', '1', '1', '0', '0', '0', '0', 'Bist du sicher, du willst wirklich dorthin reisen?', '0', '0');
REPLACE INTO `gossip_menu_option` VALUES ('50001', '7', '2', 'Burg Schattenfang', '0', '1', '1', '0', '0', '0', '0', 'Bist du sicher, du willst wirklich dorthin reisen?', '0', '0');
REPLACE INTO `gossip_menu_option` VALUES ('50001', '8', '2', 'Die Höhlen des Wehklagens', '0', '1', '1', '0', '0', '0', '0', 'Bist du sicher, du willst wirklich dorthin reisen?', '0', '0');
REPLACE INTO `gossip_menu_option` VALUES ('50001', '9', '2', 'Die Schwarzfelstiefen', '0', '1', '1', '0', '0', '0', '0', 'Bist du sicher, du willst wirklich dorthin reisen?', '0', '0');
REPLACE INTO `gossip_menu_option` VALUES ('50001', '10', '2', 'Der Schwarzfels', '0', '1', '1', '0', '0', '0', '0', 'Bist du sicher, du willst wirklich dorthin reisen?', '0', '0');
REPLACE INTO `gossip_menu_option` VALUES ('50001', '11', '2', 'Die Schwarzfelsspitze', '0', '1', '1', '0', '0', '0', '0', 'Bist du sicher, du willst wirklich dorthin reisen?', '0', '0');
REPLACE INTO `gossip_menu_option` VALUES ('50001', '12', '2', 'Düsterbruch', '0', '1', '1', '0', '0', '0', '0', 'Bist du sicher, du willst wirklich dorthin reisen?', '0', '0');
REPLACE INTO `gossip_menu_option` VALUES ('50001', '13', '2', 'Maraudon', '0', '1', '1', '0', '0', '0', '0', 'Bist du sicher, du willst wirklich dorthin reisen?', '0', '0');
REPLACE INTO `gossip_menu_option` VALUES ('50001', '14', '2', 'Scholomance', '0', '1', '1', '0', '0', '0', '0', 'Bist du sicher, du willst wirklich dorthin reisen?', '0', '0');


REPLACE INTO `gossip_menu` VALUES ('50007', '300004', '0');
REPLACE INTO `gossip_menu` VALUES ('50006', '300004', '0');
REPLACE INTO `gossip_menu` VALUES ('50005', '300004', '0');
REPLACE INTO `gossip_menu` VALUES ('50004', '300003', '0');
REPLACE INTO `gossip_menu` VALUES ('50003', '300002', '0');
REPLACE INTO `gossip_menu` VALUES ('50002', '300002', '0');
REPLACE INTO `gossip_menu` VALUES ('50001', '300002', '0');
REPLACE INTO `gossip_menu` VALUES ('50000', '300001', '0');
REPLACE INTO `gossip_menu` VALUES ('50000', '300000', '0');

REPLACE INTO `npc_text` VALUES ('300004', '$BWohin möchtest Du reisen?$B', null, '0', '0', '0', '0', '0', '0', '0', '0', '0', null, null, '0', '0', '0', '0', '0', '0', '0', '0', '0', null, null, '0', '0', '0', '0', '0', '0', '0', '0', '0', null, null, '0', '0', '0', '0', '0', '0', '0', '0', '0', null, null, '0', '0', '0', '0', '0', '0', '0', '0', '0', null, null, '0', '0', '0', '0', '0', '0', '0', '0', '0', null, null, '0', '0', '0', '0', '0', '0', '0', '0', '0', null, null, '0', '0', '0', '0', '0', '0', '0', '0', '0', '0');
REPLACE INTO `npc_text` VALUES ('300003', '$BSei vorsichtig bei der auswahl des Schlachtzuges, ich möchte enicht für deinen Tod verantwortlich sein.$B', null, '0', '0', '0', '0', '0', '0', '0', '0', '0', null, null, '0', '0', '0', '0', '0', '0', '0', '0', '0', null, null, '0', '0', '0', '0', '0', '0', '0', '0', '0', null, null, '0', '0', '0', '0', '0', '0', '0', '0', '0', null, null, '0', '0', '0', '0', '0', '0', '0', '0', '0', null, null, '0', '0', '0', '0', '0', '0', '0', '0', '0', null, null, '0', '0', '0', '0', '0', '0', '0', '0', '0', null, null, '0', '0', '0', '0', '0', '0', '0', '0', '0', '0');
REPLACE INTO `npc_text` VALUES ('300002', '$BBereit einige Dungeons zu erkunden?$B', null, '0', '0', '0', '0', '0', '0', '0', '0', '0', null, null, '0', '0', '0', '0', '0', '0', '0', '0', '0', null, null, '0', '0', '0', '0', '0', '0', '0', '0', '0', null, null, '0', '0', '0', '0', '0', '0', '0', '0', '0', null, null, '0', '0', '0', '0', '0', '0', '0', '0', '0', null, null, '0', '0', '0', '0', '0', '0', '0', '0', '0', null, null, '0', '0', '0', '0', '0', '0', '0', '0', '0', null, null, '0', '0', '0', '0', '0', '0', '0', '0', '0', '0');
REPLACE INTO `npc_text` VALUES ('300001', '$B Für die Allianz!$B', null, '0', '0', '0', '0', '6', '0', '0', '0', '0', null, null, '0', '0', '0', '0', '0', '0', '0', '0', '0', null, null, '0', '0', '0', '0', '0', '0', '0', '0', '0', null, null, '0', '0', '0', '0', '0', '0', '0', '0', '0', null, null, '0', '0', '0', '0', '0', '0', '0', '0', '0', null, null, '0', '0', '0', '0', '0', '0', '0', '0', '0', null, null, '0', '0', '0', '0', '0', '0', '0', '0', '0', null, null, '0', '0', '0', '0', '0', '0', '0', '0', '0', '0');
REPLACE INTO `npc_text` VALUES ('300000', '$B Für die Horde!$B', null, '0', '0', '0', '0', '6', '0', '0', '0', '0', null, null, '0', '0', '0', '0', '0', '0', '0', '0', '0', null, null, '0', '0', '0', '0', '0', '0', '0', '0', '0', null, null, '0', '0', '0', '0', '0', '0', '0', '0', '0', null, null, '0', '0', '0', '0', '0', '0', '0', '0', '0', null, null, '0', '0', '0', '0', '0', '0', '0', '0', '0', null, null, '0', '0', '0', '0', '0', '0', '0', '0', '0', null, null, '0', '0', '0', '0', '0', '0', '0', '0', '0', '0');

REPLACE INTO `npc_vendor` VALUES ('60006', '0', '60162', '0', '0', '0', '0');
REPLACE INTO `npc_vendor` VALUES ('60006', '0', '60159', '20', '3600', '0', '0');
REPLACE INTO `npc_vendor` VALUES ('60006', '0', '60038', '20', '3600', '0', '0');
REPLACE INTO `npc_vendor` VALUES ('60006', '0', '60039', '20', '3600', '0', '0');
REPLACE INTO `npc_vendor` VALUES ('60006', '0', '60019', '20', '10800', '0', '0');
REPLACE INTO `npc_vendor` VALUES ('60006', '0', '60160', '20', '18000', '0', '0');
REPLACE INTO `npc_vendor` VALUES ('60006', '0', '60161', '20', '18000', '0', '0');

REPLACE INTO `npc_vendor` VALUES ('384', '0', '60146', '0', '0', '0', '0');
REPLACE INTO `npc_vendor` VALUES ('35101', '0', '60146', '0', '0', '0', '0');
REPLACE INTO `npc_vendor` VALUES ('4731', '0', '60146', '0', '0', '0', '0');
REPLACE INTO `npc_vendor` VALUES ('35099', '0', '60146', '0', '0', '0', '0');
REPLACE INTO `npc_vendor` VALUES ('32216', '0', '60146', '0', '0', '0', '0');
REPLACE INTO `npc_vendor` VALUES ('3362', '0', '60146', '0', '0', '0', '0');
REPLACE INTO `npc_vendor` VALUES ('3685', '0', '60146', '0', '0', '0', '0');
REPLACE INTO `npc_vendor` VALUES ('7952', '0', '60146', '0', '0', '0', '0');
REPLACE INTO `npc_vendor` VALUES ('16264', '0', '60146', '0', '0', '0', '0');
REPLACE INTO `npc_vendor` VALUES ('1261', '0', '60146', '0', '0', '0', '0');
REPLACE INTO `npc_vendor` VALUES ('7955', '0', '60146', '0', '0', '0', '0');
REPLACE INTO `npc_vendor` VALUES ('4730', '0', '60146', '0', '0', '0', '0');
REPLACE INTO `npc_vendor` VALUES ('17584', '0', '60146', '0', '0', '0', '0');
REPLACE INTO `npc_vendor` VALUES ('35131', '0', '60146', '0', '0', '0', '0');
REPLACE INTO `npc_vendor` VALUES ('35132', '0', '60146', '0', '0', '0', '0');

REPLACE INTO `item_template` VALUES ('60149', '1', '0', '-1', 'Tasche des Spenders', '20342', '5', '1', '0', '1', '80000000', '23000000', '18', '-1', '-1', '0', '0', '0', '0', '0', '0', '0', '0', '0', '0', '1', '22', '0', '0', '0', '0', '0', '0', '0', '0', '0', '0', '0', '0', '0', '0', '0', '0', '0', '0', '0', '0', '0', '0', '0', '0', '0', '0', '0', '0', '0', '0', '0', '0', '0', '0', '0', '0', '0', '0', '0', '0', '0', '0', '0', '-1', '0', '-1', '0', '0', '0', '0', '-1', '0', '-1', '0', '0', '0', '0', '-1', '0', '-1', '0', '0', '0', '0', '-1', '0', '-1', '0', '0', '0', '0', '-1', '0', '-1', '0', 'Eine Reisetasche für großzügige Mitglieder', '0', '0', '0', '0', '0', '8', '0', '0', '0', '0', '0', '0', '0', '0', '0', '0', '0', '0', '0', '0', '0', '0', '0', '0', '0', '0', '0', '0', '0', '', '0', '0', '0', '0', '0', '0');
REPLACE INTO `item_template` VALUES ('60070', '4', '1', '-1', 'Umhang der Serverleitung', '52678', '5', '0', '0', '1', '0', '0', '19', '-1', '-1', '0', '0', '0', '0', '0', '0', '0', '0', '0', '0', '1', '0', '10', '7', '1000', '4', '1000', '3', '1000', '5', '1000', '6', '1000', '35', '1000', '12', '1000', '13', '500', '14', '500', '15', '500', '0', '0', '0', '0', '0', '0', '0', '0', '5000', '100', '100', '100', '100', '100', '100', '0', '0', '0', '0', '0', '0', '0', '0', '0', '0', '0', '0', '0', '0', '0', '0', '0', '0', '0', '0', '0', '0', '0', '0', '0', '0', '0', '0', '0', '0', '0', '0', '0', '0', '0', '0', '0', '0', '1', 'Sluzi na oznacenie Admina', '0', '0', '0', '0', '0', '-1', '0', '0', '0', '500', '0', '0', '0', '0', '0', '0', '0', '0', '0', '0', '0', '0', '0', '0', '0', '0', '0', '0', '0', 'internalitemhanler', '0', '0', '0', '0', '0', '0');
REPLACE INTO `item_template` VALUES ('60071', '4', '1', '-1', 'Hemd der Serverleitung', '57994', '5', '0', '0', '1', '0', '0', '4', '-1', '-1', '0', '0', '0', '0', '0', '0', '0', '0', '0', '0', '1', '0', '10', '38', '4000', '45', '2000', '37', '2000', '31', '2000', '32', '2000', '36', '2000', '44', '2000', '43', '1000', '0', '0', '0', '0', '0', '0', '0', '0', '0', '0', '0', '0', '5000', '100', '100', '100', '100', '100', '100', '0', '0', '0', '0', '0', '0', '0', '0', '0', '0', '0', '0', '0', '0', '0', '0', '0', '0', '0', '0', '0', '0', '0', '0', '0', '0', '0', '0', '0', '0', '0', '0', '0', '0', '0', '0', '0', '0', '1', 'Sluzi na oznacenie Admina', '0', '0', '0', '0', '0', '-1', '0', '0', '0', '500', '0', '0', '0', '0', '0', '0', '0', '0', '0', '0', '0', '0', '0', '0', '0', '0', '0', '0', '0', 'internalitemhanler', '0', '0', '0', '0', '0', '0');
REPLACE INTO `item_template` VALUES ('60072', '4', '1', '-1', 'Wappenrock der Jomswikinger', '58701', '4', '0', '0', '1', '0', '0', '19', '-1', '-1', '0', '0', '0', '0', '0', '0', '0', '0', '0', '0', '1', '0', '10', '7', '500', '4', '500', '3', '500', '5', '500', '6', '500', '38', '5000', '45', '5000', '0', '0', '0', '0', '0', '0', '0', '0', '0', '0', '0', '0', '0', '0', '1000', '100', '100', '100', '100', '100', '100', '0', '0', '0', '0', '0', '0', '0', '0', '0', '0', '0', '0', '0', '0', '0', '0', '0', '0', '0', '0', '0', '0', '0', '0', '0', '0', '0', '0', '0', '0', '0', '0', '0', '0', '0', '0', '0', '0', '0', '', '0', '0', '0', '0', '0', '-1', '0', '0', '0', '0', '0', '0', '0', '0', '0', '0', '0', '0', '0', '0', '0', '0', '0', '0', '0', '0', '0', '0', '0', 'internalitemhanler', '0', '0', '0', '0', '0', '0');
REPLACE INTO `item_template` VALUES ('60073', '4', '1', '-1', 'Kriegshemd der Jomswikinger', '57994', '4', '0', '0', '1', '0', '0', '4', '-1', '-1', '0', '0', '0', '0', '0', '0', '0', '0', '0', '0', '1', '0', '10', '7', '50', '4', '50', '3', '50', '5', '50', '6', '50', '38', '500', '45', '500', '0', '0', '0', '0', '0', '0', '0', '0', '0', '0', '0', '0', '0', '0', '1000', '10', '10', '10', '10', '10', '10', '0', '0', '0', '0', '0', '0', '0', '0', '0', '0', '0', '0', '0', '0', '0', '0', '0', '0', '0', '0', '0', '0', '0', '0', '0', '0', '0', '0', '0', '0', '0', '0', '0', '0', '0', '0', '0', '0', '0', '', '0', '0', '0', '0', '0', '-1', '0', '0', '0', '0', '0', '0', '0', '0', '0', '0', '0', '0', '0', '0', '0', '0', '0', '0', '0', '0', '0', '0', '0', 'internalitemhanler', '0', '0', '0', '0', '0', '0');
REPLACE INTO `item_template` VALUES ('60137', '4', '1', '-1', 'Umhang des Hexers', '51734', '5', '0', '0', '1', '0', '0', '16', '256', '-1', '0', '0', '0', '0', '0', '0', '0', '0', '0', '0', '1', '0', '10', '31', '400', '0', '0', '32', '200', '7', '120', '5', '120', '6', '120', '45', '200', '35', '200', '0', '0', '0', '0', '0', '0', '0', '0', '0', '0', '0', '0', '1000', '20', '20', '20', '20', '20', '20', '0', '0', '0', '0', '0', '0', '0', '-1', '0', '-1', '0', '0', '0', '0', '-1', '0', '-1', '0', '0', '0', '0', '-1', '0', '-1', '0', '0', '0', '0', '-1', '0', '-1', '0', '0', '0', '0', '-1', '0', '-1', '0', '', '0', '0', '0', '0', '0', '0', '0', '0', '0', '0', '0', '0', '0', '0', '0', '0', '1', '1', '0', '0', '0', '0', '0', '0', '-1', '0', '0', '0', '0', '', '0', '0', '0', '0', '0', '0');
REPLACE INTO `item_template` VALUES ('60132', '4', '1', '-1', 'Umhang des Magiers', '59028', '5', '0', '0', '1', '0', '0', '16', '128', '-1', '0', '0', '0', '0', '0', '0', '0', '0', '0', '0', '1', '0', '10', '31', '400', '32', '200', '7', '120', '5', '120', '6', '120', '45', '200', '35', '200', '0', '0', '0', '0', '0', '0', '0', '0', '0', '0', '0', '0', '0', '0', '1000', '20', '20', '20', '20', '20', '20', '0', '0', '0', '0', '0', '0', '0', '-1', '0', '-1', '0', '0', '0', '0', '-1', '0', '-1', '0', '0', '0', '0', '-1', '0', '-1', '0', '0', '0', '0', '-1', '0', '-1', '0', '0', '0', '0', '-1', '0', '-1', '0', '', '0', '0', '0', '0', '0', '0', '0', '0', '0', '0', '0', '0', '0', '0', '0', '0', '1', '1', '0', '0', '0', '0', '0', '0', '-1', '0', '0', '0', '0', '', '0', '0', '0', '0', '0', '0');
REPLACE INTO `item_template` VALUES ('60134', '4', '1', '-1', 'Umhang des Priesters', '59028', '5', '0', '0', '1', '0', '0', '16', '16', '-1', '0', '0', '0', '0', '0', '0', '0', '0', '0', '0', '1', '0', '10', '31', '400', '32', '200', '7', '120', '5', '120', '6', '120', '45', '200', '35', '200', '0', '0', '0', '0', '0', '0', '0', '0', '0', '0', '0', '0', '0', '0', '1000', '20', '20', '20', '20', '20', '20', '0', '0', '0', '0', '0', '0', '0', '-1', '0', '-1', '0', '0', '0', '0', '-1', '0', '-1', '0', '0', '0', '0', '-1', '0', '-1', '0', '0', '0', '0', '-1', '0', '-1', '0', '0', '0', '0', '-1', '0', '-1', '0', '', '0', '0', '0', '0', '0', '0', '0', '0', '0', '0', '0', '0', '0', '0', '0', '0', '1', '1', '0', '0', '0', '0', '0', '0', '-1', '0', '0', '0', '0', '', '0', '0', '0', '0', '0', '0');
REPLACE INTO `item_template` VALUES ('60130', '4', '1', '-1', 'Umhang des Druiden', '64326', '5', '0', '0', '1', '0', '0', '16', '1024', '-1', '0', '0', '0', '0', '0', '0', '0', '0', '0', '0', '1', '0', '10', '31', '200', '37', '100', '32', '200', '7', '120', '4', '120', '3', '120', '5', '120', '38', '200', '45', '200', '35', '200', '0', '0', '0', '0', '0', '0', '0', '0', '1000', '20', '20', '20', '20', '20', '20', '0', '0', '0', '0', '0', '0', '0', '-1', '0', '-1', '0', '0', '0', '0', '-1', '0', '-1', '0', '0', '0', '0', '-1', '0', '-1', '0', '0', '0', '0', '-1', '0', '-1', '0', '0', '0', '0', '-1', '0', '-1', '0', '', '0', '0', '0', '0', '0', '0', '0', '0', '0', '0', '0', '0', '0', '0', '0', '0', '1', '1', '0', '0', '0', '0', '0', '0', '-1', '0', '0', '0', '0', '', '0', '0', '0', '0', '0', '0');
REPLACE INTO `item_template` VALUES ('60131', '4', '1', '-1', 'Umhang des Jägers', '64326', '5', '0', '0', '1', '0', '0', '16', '4', '-1', '0', '0', '0', '0', '0', '0', '0', '0', '0', '0', '1', '0', '10', '31', '400', '0', '0', '32', '200', '7', '120', '4', '120', '3', '120', '5', '120', '38', '200', '45', '200', '35', '200', '0', '0', '0', '0', '0', '0', '0', '0', '1000', '20', '20', '20', '20', '20', '20', '0', '0', '0', '0', '0', '0', '0', '-1', '0', '-1', '0', '0', '0', '0', '-1', '0', '-1', '0', '0', '0', '0', '-1', '0', '-1', '0', '0', '0', '0', '-1', '0', '-1', '0', '0', '0', '0', '-1', '0', '-1', '0', '', '0', '0', '0', '0', '0', '0', '0', '0', '0', '0', '0', '0', '0', '0', '0', '0', '1', '1', '0', '0', '0', '0', '0', '0', '-1', '0', '0', '0', '0', '', '0', '0', '0', '0', '0', '0');
REPLACE INTO `item_template` VALUES ('60133', '4', '1', '-1', 'Umhang des Paladin', '64328', '5', '0', '0', '1', '0', '0', '16', '2', '-1', '0', '0', '0', '0', '0', '0', '0', '0', '0', '0', '1', '0', '10', '31', '200', '37', '100', '32', '200', '7', '120', '4', '120', '3', '120', '5', '120', '38', '200', '45', '200', '35', '200', '0', '0', '0', '0', '0', '0', '0', '0', '1000', '20', '20', '20', '20', '20', '20', '0', '0', '0', '0', '0', '0', '0', '-1', '0', '-1', '0', '0', '0', '0', '-1', '0', '-1', '0', '0', '0', '0', '-1', '0', '-1', '0', '0', '0', '0', '-1', '0', '-1', '0', '0', '0', '0', '-1', '0', '-1', '0', '', '0', '0', '0', '0', '0', '0', '0', '0', '0', '0', '0', '0', '0', '0', '0', '0', '1', '1', '0', '0', '0', '0', '0', '0', '-1', '0', '0', '0', '0', '', '0', '0', '0', '0', '0', '0');
REPLACE INTO `item_template` VALUES ('60136', '4', '1', '-1', 'Umhang des Schamanen', '64326', '5', '0', '0', '1', '0', '0', '16', '64', '-1', '0', '0', '0', '0', '0', '0', '0', '0', '0', '0', '1', '0', '10', '31', '400', '37', '100', '32', '200', '7', '120', '4', '120', '3', '120', '5', '120', '38', '200', '45', '200', '35', '200', '0', '0', '0', '0', '0', '0', '0', '0', '1000', '20', '20', '20', '20', '20', '20', '0', '0', '0', '0', '0', '0', '0', '-1', '0', '-1', '0', '0', '0', '0', '-1', '0', '-1', '0', '0', '0', '0', '-1', '0', '-1', '0', '0', '0', '0', '-1', '0', '-1', '0', '0', '0', '0', '-1', '0', '-1', '0', '', '0', '0', '0', '0', '0', '0', '0', '0', '0', '0', '0', '0', '0', '0', '0', '0', '1', '1', '0', '0', '0', '0', '0', '0', '-1', '0', '0', '0', '0', '', '0', '0', '0', '0', '0', '0');
REPLACE INTO `item_template` VALUES ('60129', '4', '1', '-1', 'Umhang des Todesritters', '51734', '5', '0', '0', '1', '0', '0', '16', '32', '-1', '0', '0', '0', '0', '0', '0', '0', '0', '0', '0', '1', '0', '10', '31', '200', '37', '100', '32', '200', '7', '120', '4', '120', '3', '120', '38', '200', '35', '200', '0', '0', '0', '0', '0', '0', '0', '0', '0', '0', '0', '0', '1000', '20', '20', '20', '20', '20', '20', '0', '0', '0', '0', '0', '0', '0', '-1', '0', '-1', '0', '0', '0', '0', '-1', '0', '-1', '0', '0', '0', '0', '-1', '0', '-1', '0', '0', '0', '0', '-1', '0', '-1', '0', '0', '0', '0', '-1', '0', '-1', '0', '', '0', '0', '0', '0', '0', '0', '0', '0', '0', '0', '0', '0', '0', '0', '0', '0', '1', '1', '0', '0', '0', '0', '0', '0', '-1', '0', '0', '0', '0', '', '0', '0', '0', '0', '0', '0');
REPLACE INTO `item_template` VALUES ('60135', '4', '1', '-1', 'Umhang des Schurken', '64326', '5', '0', '0', '1', '0', '0', '16', '8', '-1', '0', '0', '0', '0', '0', '0', '0', '0', '0', '0', '1', '0', '10', '31', '200', '37', '100', '32', '200', '7', '120', '4', '120', '3', '120', '38', '200', '35', '200', '0', '0', '0', '0', '0', '0', '0', '0', '0', '0', '0', '0', '1000', '20', '20', '20', '20', '20', '20', '0', '0', '0', '0', '0', '0', '0', '-1', '0', '-1', '0', '0', '0', '0', '-1', '0', '-1', '0', '0', '0', '0', '-1', '0', '-1', '0', '0', '0', '0', '-1', '0', '-1', '0', '0', '0', '0', '-1', '0', '-1', '0', '', '0', '0', '0', '0', '0', '0', '0', '0', '0', '0', '0', '0', '0', '0', '0', '0', '1', '1', '0', '0', '0', '0', '0', '0', '-1', '0', '0', '0', '0', '', '0', '0', '0', '0', '0', '0');
REPLACE INTO `item_template` VALUES ('60138', '4', '1', '-1', 'Umhang des Kriegers', '51734', '5', '0', '0', '1', '0', '0', '16', '1', '-1', '0', '0', '0', '0', '0', '0', '0', '0', '0', '0', '1', '0', '10', '31', '200', '37', '100', '32', '200', '7', '120', '4', '120', '3', '120', '38', '200', '35', '200', '0', '0', '0', '0', '0', '0', '0', '0', '0', '0', '0', '0', '1000', '20', '20', '20', '20', '20', '20', '0', '0', '0', '0', '0', '0', '0', '-1', '0', '-1', '0', '0', '0', '0', '-1', '0', '-1', '0', '0', '0', '0', '-1', '0', '-1', '0', '0', '0', '0', '-1', '0', '-1', '0', '0', '0', '0', '-1', '0', '-1', '0', '', '0', '0', '0', '0', '0', '0', '0', '0', '0', '0', '0', '0', '0', '0', '0', '0', '1', '1', '0', '0', '0', '0', '0', '0', '-1', '0', '0', '0', '0', '', '0', '0', '0', '0', '0', '0');
REPLACE INTO `item_template` VALUES ('60147', '1', '0', '-1', 'WarCry Reisetasche der Macht', '20342', '4', '1', '0', '1', '760000', '40000', '18', '-1', '-1', '275', '0', '0', '0', '0', '0', '0', '0', '0', '0', '1', '36', '7', '1', '500', '3', '500', '16', '500', '13', '500', '4', '500', '38', '500', '32', '500', '0', '0', '0', '0', '0', '0', '0', '0', '0', '0', '0', '0', '0', '0', '0', '0', '0', '0', '0', '0', '0', '0', '0', '0', '0', '0', '0', '0', '-1', '0', '-1', '0', '0', '0', '0', '-1', '0', '-1', '0', '0', '0', '0', '-1', '0', '-1', '0', '0', '0', '0', '-1', '0', '-1', '0', '0', '0', '0', '-1', '0', '-1', '2', '', '0', '0', '0', '0', '0', '8', '0', '0', '0', '0', '0', '0', '0', '0', '0', '0', '0', '0', '0', '0', '0', '0', '0', '0', '-1', '0', '0', '0', '0', '', '0', '0', '0', '0', '0', '0');
REPLACE INTO `item_template` VALUES ('60000', '4', '0', '-1', 'Der Magische Ring', '18397', '3', '0', '0', '1', '636400', '313203', '11', '-1', '-1', '0', '0', '0', '0', '0', '0', '0', '0', '0', '0', '1', '0', '10', '0', '0', '0', '0', '0', '0', '0', '0', '0', '0', '0', '0', '0', '0', '0', '0', '0', '0', '0', '0', '0', '0', '0', '0', '0', '0', '0', '0', '0', '0', '0', '0', '0', '0', '0', '0', '0', '0', '0', '0', '0', '0', '0', '0', '0', '39949', '1', '0', '0', '0', '0', '0', '0', '0', '0', '0', '0', '0', '0', '0', '0', '0', '0', '0', '0', '0', '0', '0', '0', '0', '0', '0', '0', '0', 'Fliegendes Pferd', '0', '0', '0', '0', '0', '4', '0', '0', '0', '0', '0', '0', '0', '0', '0', '0', '0', '0', '0', '0', '0', '0', '0', '0', '0', '0', '0', '0', '0', 'internalitemhanler', '0', '0', '0', '0', '0', '0');
REPLACE INTO `item_template` VALUES ('60146', '9', '0', '-1', 'Foliant des Weltenfluges', '61330', '7', '134217792', '0', '1', '2500000', '500000', '0', '-1', '-1', '80', '45', '0', '0', '0', '0', '0', '0', '0', '0', '1', '0', '0', '0', '0', '0', '0', '0', '0', '0', '0', '0', '0', '0', '0', '0', '0', '0', '0', '0', '0', '0', '0', '0', '0', '0', '0', '0', '0', '0', '0', '0', '0', '0', '0', '0', '0', '0', '0', '0', '0', '483', '0', '-1', '0', '-1', '0', '-1', '31700', '6', '0', '0', '-1', '0', '-1', '0', '0', '0', '0', '-1', '0', '-1', '0', '0', '0', '0', '-1', '0', '-1', '0', '0', '0', '0', '-1', '0', '-1', '0', 'Erlerne das fliegen auf jedem Kontinent', '0', '0', '0', '0', '0', '8', '0', '0', '0', '0', '0', '0', '0', '0', '0', '0', '0', '0', '0', '0', '0', '0', '0', '0', '-1', '0', '0', '0', '0', '', '0', '0', '0', '0', '0', '1');
REPLACE INTO `item_template` VALUES ('60140', '0', '0', '-1', 'Buch der Stärkungszauber - Nahkampf', '61330', '7', '134217728', '0', '1', '0', '0', '0', '-1', '-1', '0', '0', '0', '0', '0', '0', '0', '0', '0', '0', '1', '0', '0', '0', '0', '0', '0', '0', '0', '0', '0', '0', '0', '0', '0', '0', '0', '0', '0', '0', '0', '0', '0', '0', '0', '0', '0', '0', '0', '0', '0', '0', '0', '0', '0', '0', '0', '0', '0', '0', '0', '35874', '0', '0', '0', '-1', '0', '-1', '0', '0', '0', '0', '-1', '0', '-1', '0', '0', '0', '0', '-1', '0', '-1', '0', '0', '0', '0', '-1', '0', '-1', '0', '0', '0', '0', '-1', '0', '-1', '0', '|cffffff00Mit Rechtsklick benutzen. Accountgebundener Gegenstand.', '0', '0', '0', '0', '0', '0', '0', '0', '0', '0', '0', '0', '0', '0', '0', '0', '0', '0', '0', '0', '0', '0', '0', '0', '-1', '0', '0', '0', '0', '', '0', '0', '0', '0', '0', '0');
REPLACE INTO `item_template` VALUES ('60141', '0', '0', '-1', 'Buch der Stärkungszauber - Fernkampf', '61330', '7', '134217728', '0', '1', '0', '0', '0', '-1', '-1', '0', '0', '0', '0', '0', '0', '0', '0', '0', '0', '1', '0', '0', '0', '0', '0', '0', '0', '0', '0', '0', '0', '0', '0', '0', '0', '0', '0', '0', '0', '0', '0', '0', '0', '0', '0', '0', '0', '0', '0', '0', '0', '0', '0', '0', '0', '0', '0', '0', '0', '0', '38734', '0', '0', '0', '-1', '0', '-1', '0', '0', '0', '0', '-1', '0', '-1', '0', '0', '0', '0', '-1', '0', '-1', '0', '0', '0', '0', '-1', '0', '-1', '0', '0', '0', '0', '-1', '0', '-1', '0', '|cffffff00Mit Rechtsklick benutzen. Accountgebundener Gegenstand.', '0', '0', '0', '0', '0', '0', '0', '0', '0', '0', '0', '0', '0', '0', '0', '0', '0', '0', '0', '0', '0', '0', '0', '0', '-1', '0', '0', '0', '0', '', '0', '0', '0', '0', '0', '0');
REPLACE INTO `item_template` VALUES ('60142', '0', '0', '-1', 'Buch der Stärkungszauber - Magie', '61330', '7', '134217728', '0', '1', '0', '0', '0', '-1', '-1', '0', '0', '0', '0', '0', '0', '0', '0', '0', '0', '1', '0', '0', '0', '0', '0', '0', '0', '0', '0', '0', '0', '0', '0', '0', '0', '0', '0', '0', '0', '0', '0', '0', '0', '0', '0', '0', '0', '0', '0', '0', '0', '0', '0', '0', '0', '0', '0', '0', '0', '0', '35912', '0', '0', '0', '-1', '0', '-1', '0', '0', '0', '0', '-1', '0', '-1', '0', '0', '0', '0', '-1', '0', '-1', '0', '0', '0', '0', '-1', '0', '-1', '0', '0', '0', '0', '-1', '0', '-1', '0', '|cffffff00Mit Rechtsklick benutzen. Accountgebundener Gegenstand.', '0', '0', '0', '0', '0', '0', '0', '0', '0', '0', '0', '0', '0', '0', '0', '0', '0', '0', '0', '0', '0', '0', '0', '0', '-1', '0', '0', '0', '0', '', '0', '0', '0', '0', '0', '0');
REPLACE INTO `item_template` VALUES ('60076', '2', '8', '-1', '|cff2ECCFARaidhelper Two-Handed Sword', '49137', '5', '0', '0', '1', '0', '0', '17', '-1', '-1', '0', '0', '0', '0', '0', '0', '0', '0', '0', '0', '1', '0', '10', '7', '1000', '4', '1000', '3', '1000', '5', '1000', '6', '1000', '38', '20000', '45', '20000', '0', '0', '0', '0', '0', '0', '0', '0', '4000', '4000', '0', '4000', '4000', '0', '10000', '0', '0', '0', '0', '0', '0', '2000', '0', '0', '0', '0', '0', '0', '0', '0', '0', '0', '0', '0', '0', '0', '0', '0', '0', '0', '0', '0', '0', '0', '0', '0', '0', '0', '0', '0', '0', '0', '0', '0', '0', '0', '0', '0', '0', '0', '', '0', '0', '0', '0', '0', '-1', '1', '0', '0', '2000', '0', '0', '0', '0', '0', '0', '0', '0', '0', '0', '0', '0', '0', '0', '0', '0', '0', '0', '0', 'internalitemhanler', '0', '0', '0', '0', '0', '0');
REPLACE INTO `item_template` VALUES ('60077', '2', '10', '-1', '|cff2ECCFARaidhelper Spell-Staff', '47994', '5', '0', '0', '1', '0', '0', '17', '-1', '-1', '0', '0', '0', '0', '0', '0', '0', '0', '0', '0', '1', '0', '10', '7', '1000', '4', '1000', '3', '1000', '5', '1000', '6', '1000', '38', '32767', '0', '0', '0', '0', '0', '0', '0', '0', '0', '0', '4000', '4000', '0', '4000', '4000', '0', '10000', '0', '0', '0', '0', '0', '0', '2000', '0', '0', '0', '0', '0', '0', '0', '0', '0', '0', '0', '0', '0', '0', '0', '0', '0', '0', '0', '0', '0', '0', '0', '0', '0', '0', '0', '0', '0', '0', '0', '0', '0', '0', '0', '0', '0', '0', '', '0', '0', '0', '0', '0', '-1', '1', '0', '0', '2000', '0', '0', '0', '0', '0', '0', '0', '0', '0', '0', '0', '0', '0', '0', '0', '0', '0', '0', '0', 'internalitemhanler', '0', '0', '0', '0', '0', '0');
REPLACE INTO `item_template` VALUES ('60078', '2', '7', '-1', '|cff2ECCFARaidhelper Main-Hand Sword', '45479', '5', '0', '0', '1', '0', '0', '21', '-1', '-1', '0', '0', '0', '0', '0', '0', '0', '0', '0', '0', '1', '0', '10', '7', '500', '4', '500', '3', '500', '5', '500', '6', '500', '38', '10000', '45', '10000', '0', '0', '0', '0', '0', '0', '0', '0', '2000', '2000', '0', '2000', '2000', '0', '5000', '0', '0', '0', '0', '0', '0', '1000', '0', '0', '0', '0', '0', '0', '0', '0', '0', '0', '0', '0', '0', '0', '0', '0', '0', '0', '0', '0', '0', '0', '0', '0', '0', '0', '0', '0', '0', '0', '0', '0', '0', '0', '0', '0', '0', '0', '', '0', '0', '0', '0', '0', '-1', '1', '0', '0', '1000', '0', '0', '0', '0', '0', '0', '0', '0', '0', '0', '0', '0', '0', '0', '0', '0', '0', '0', '0', 'internalitemhanler', '0', '0', '0', '0', '0', '0');
REPLACE INTO `item_template` VALUES ('60079', '2', '7', '-1', '|cff2ECCFARaidhelper Off-Hand Sword', '45481', '5', '0', '0', '1', '0', '0', '22', '-1', '-1', '0', '0', '0', '0', '0', '0', '0', '0', '0', '0', '1', '0', '10', '7', '500', '4', '500', '3', '500', '5', '500', '6', '500', '38', '10000', '45', '10000', '0', '0', '0', '0', '0', '0', '0', '0', '2000', '2000', '0', '2000', '2000', '0', '5000', '0', '0', '0', '0', '0', '0', '1000', '0', '0', '0', '0', '0', '0', '0', '0', '0', '0', '0', '0', '0', '0', '0', '0', '0', '0', '0', '0', '0', '0', '0', '0', '0', '0', '0', '0', '0', '0', '0', '0', '0', '0', '0', '0', '0', '0', '', '0', '0', '0', '0', '0', '-1', '1', '0', '0', '1000', '0', '0', '0', '0', '0', '0', '0', '0', '0', '0', '0', '0', '0', '0', '0', '0', '0', '0', '0', 'internalitemhanler', '0', '0', '0', '0', '0', '0');
REPLACE INTO `item_template` VALUES ('60080', '2', '15', '-1', '|cff2ECCFARaidhelper Main-Hand Dagger', '45479', '5', '0', '0', '1', '0', '0', '21', '-1', '-1', '0', '0', '0', '0', '0', '0', '0', '0', '0', '0', '1', '0', '10', '7', '500', '4', '500', '3', '500', '5', '500', '6', '500', '38', '10000', '45', '10000', '0', '0', '0', '0', '0', '0', '0', '0', '2000', '2000', '0', '2000', '2000', '0', '5000', '0', '0', '0', '0', '0', '0', '1000', '0', '0', '0', '0', '0', '0', '0', '0', '0', '0', '0', '0', '0', '0', '0', '0', '0', '0', '0', '0', '0', '0', '0', '0', '0', '0', '0', '0', '0', '0', '0', '0', '0', '0', '0', '0', '0', '0', '', '0', '0', '0', '0', '0', '-1', '1', '0', '0', '1000', '0', '0', '0', '0', '0', '0', '0', '0', '0', '0', '0', '0', '0', '0', '0', '0', '0', '0', '0', 'internalitemhanler', '0', '0', '0', '0', '0', '0');
REPLACE INTO `item_template` VALUES ('60081', '2', '15', '-1', '|cff2ECCFARaidhelper Off-Hand Dagger', '45481', '5', '0', '0', '1', '0', '0', '22', '-1', '-1', '0', '0', '0', '0', '0', '0', '0', '0', '0', '0', '1', '0', '10', '7', '500', '4', '500', '3', '500', '5', '500', '6', '500', '38', '10000', '45', '10000', '0', '0', '0', '0', '0', '0', '0', '0', '2000', '2000', '0', '2000', '2000', '0', '5000', '0', '0', '0', '0', '0', '0', '1000', '0', '0', '0', '0', '0', '0', '0', '0', '0', '0', '0', '0', '0', '0', '0', '0', '0', '0', '0', '0', '0', '0', '0', '0', '0', '0', '0', '0', '0', '0', '0', '0', '0', '0', '0', '0', '0', '0', '', '0', '0', '0', '0', '0', '-1', '1', '0', '0', '1000', '0', '0', '0', '0', '0', '0', '0', '0', '0', '0', '0', '0', '0', '0', '0', '0', '0', '0', '0', 'internalitemhanler', '0', '0', '0', '0', '0', '0');
REPLACE INTO `item_template` VALUES ('60082', '2', '2', '-1', '|cff2ECCFARaidhelper Bow', '48902', '5', '0', '0', '1', '0', '0', '15', '-1', '-1', '0', '0', '0', '0', '0', '0', '0', '0', '0', '0', '1', '0', '10', '7', '500', '4', '500', '3', '500', '5', '500', '6', '500', '38', '10000', '45', '10000', '0', '0', '0', '0', '0', '0', '0', '0', '2000', '2000', '0', '2000', '2000', '0', '5000', '0', '0', '0', '0', '0', '0', '1000', '2', '100', '0', '0', '0', '0', '0', '0', '0', '0', '0', '0', '0', '0', '0', '0', '0', '0', '0', '0', '0', '0', '0', '0', '0', '0', '0', '0', '0', '0', '0', '0', '0', '0', '0', '0', '0', '0', '', '0', '0', '0', '0', '0', '-1', '0', '0', '0', '1000', '0', '0', '0', '0', '0', '0', '0', '0', '0', '0', '0', '0', '0', '0', '0', '0', '0', '0', '0', 'internalitemhanler', '0', '0', '0', '0', '0', '0');
REPLACE INTO `item_template` VALUES ('60083', '2', '19', '-1', '|cff2ECCFARaidhelper Wand', '46606', '5', '0', '0', '1', '0', '0', '26', '-1', '-1', '0', '0', '0', '0', '0', '0', '0', '0', '0', '0', '1', '0', '10', '7', '500', '4', '500', '3', '500', '5', '500', '6', '500', '38', '20000', '0', '0', '0', '0', '0', '0', '0', '0', '0', '0', '2000', '2000', '0', '2000', '2000', '0', '5000', '0', '0', '0', '0', '0', '0', '1000', '0', '100', '0', '0', '0', '0', '0', '0', '0', '0', '0', '0', '0', '0', '0', '0', '0', '0', '0', '0', '0', '0', '0', '0', '0', '0', '0', '0', '0', '0', '0', '0', '0', '0', '0', '0', '0', '0', '', '0', '0', '0', '0', '0', '-1', '0', '0', '0', '1000', '0', '0', '0', '0', '0', '0', '0', '0', '0', '0', '0', '0', '0', '0', '0', '0', '0', '0', '0', 'internalitemhanler', '0', '0', '0', '0', '0', '0');
REPLACE INTO `item_template` VALUES ('60084', '2', '13', '-1', '|cff2ECCFARaidhelper Main-Hand Fist', '45890', '5', '0', '0', '1', '0', '0', '21', '-1', '-1', '0', '0', '0', '0', '0', '0', '0', '0', '0', '0', '1', '0', '10', '7', '500', '4', '500', '3', '500', '5', '500', '6', '500', '38', '10000', '45', '10000', '0', '0', '0', '0', '0', '0', '0', '0', '2000', '2000', '0', '2000', '2000', '0', '5000', '0', '0', '0', '0', '0', '0', '1000', '0', '0', '0', '0', '0', '0', '0', '0', '0', '0', '0', '0', '0', '0', '0', '0', '0', '0', '0', '0', '0', '0', '0', '0', '0', '0', '0', '0', '0', '0', '0', '0', '0', '0', '0', '0', '0', '0', '', '0', '0', '0', '0', '0', '-1', '0', '0', '0', '1000', '0', '0', '0', '0', '0', '0', '0', '0', '0', '0', '0', '0', '0', '0', '0', '0', '0', '0', '0', 'internalitemhanler', '0', '0', '0', '0', '0', '0');
REPLACE INTO `item_template` VALUES ('60085', '2', '13', '-1', '|cff2ECCFARaidhelper Off-Hand Fist', '45889', '5', '0', '0', '1', '0', '0', '22', '-1', '-1', '0', '0', '0', '0', '0', '0', '0', '0', '0', '0', '1', '0', '10', '7', '500', '4', '500', '3', '500', '5', '500', '6', '500', '38', '10000', '45', '10000', '0', '0', '0', '0', '0', '0', '0', '0', '2000', '2000', '0', '2000', '2000', '0', '5000', '0', '0', '0', '0', '0', '0', '1000', '0', '0', '0', '0', '0', '0', '0', '0', '0', '0', '0', '0', '0', '0', '0', '0', '0', '0', '0', '0', '0', '0', '0', '0', '0', '0', '0', '0', '0', '0', '0', '0', '0', '0', '0', '0', '0', '0', '', '0', '0', '0', '0', '0', '-1', '0', '0', '0', '1000', '0', '0', '0', '0', '0', '0', '0', '0', '0', '0', '0', '0', '0', '0', '0', '0', '0', '0', '0', 'internalitemhanler', '0', '0', '0', '0', '0', '0');
REPLACE INTO `item_template` VALUES ('60086', '2', '10', '-1', '|cff2ECCFARaidhelper Feral-Staff', '49148', '5', '0', '0', '1', '0', '0', '17', '-1', '-1', '0', '0', '0', '0', '0', '0', '0', '0', '0', '0', '1', '0', '10', '7', '1000', '4', '1000', '3', '1000', '5', '1000', '6', '1000', '38', '20000', '45', '20000', '0', '0', '0', '0', '0', '0', '0', '0', '4000', '4000', '0', '4000', '4000', '0', '10000', '0', '0', '0', '0', '0', '0', '2000', '0', '0', '0', '0', '0', '0', '0', '0', '0', '0', '0', '0', '0', '0', '0', '0', '0', '0', '0', '0', '0', '0', '0', '0', '0', '0', '0', '0', '0', '0', '0', '0', '0', '0', '0', '0', '0', '0', '', '0', '0', '0', '0', '0', '-1', '1', '0', '0', '2000', '0', '0', '0', '0', '0', '0', '0', '0', '0', '0', '0', '0', '0', '0', '0', '0', '0', '0', '0', 'internalitemhanler', '0', '0', '0', '0', '0', '0');
REPLACE INTO `item_template` VALUES ('60087', '4', '1', '-1', '|cff2ECCFARaidhelper Cloth Helm', '50005', '5', '0', '0', '1', '0', '0', '1', '-1', '-1', '0', '0', '0', '0', '0', '0', '0', '0', '0', '0', '1', '0', '10', '7', '500', '4', '500', '3', '500', '5', '500', '6', '500', '38', '1000', '45', '1000', '0', '0', '0', '0', '0', '0', '0', '0', '0', '0', '0', '0', '0', '0', '0', '10', '10', '10', '10', '10', '10', '1000', '0', '0', '0', '0', '0', '0', '-1', '0', '-1', '0', '0', '0', '0', '-1', '0', '-1', '0', '0', '0', '0', '-1', '0', '-1', '0', '0', '0', '0', '-1', '0', '-1', '0', '0', '0', '0', '-1', '0', '-1', '0', '', '0', '0', '0', '0', '0', '0', '0', '0', '0', '0', '0', '0', '0', '0', '0', '0', '0', '0', '0', '0', '0', '0', '0', '0', '-1', '0', '0', '0', '0', '', '0', '0', '0', '0', '0', '0');
REPLACE INTO `item_template` VALUES ('60088', '4', '1', '-1', '|cff2ECCFARaidhelper Cloth Shoulders', '50009', '5', '0', '0', '1', '0', '0', '3', '-1', '-1', '0', '0', '0', '0', '0', '0', '0', '0', '0', '0', '1', '0', '10', '7', '500', '4', '500', '3', '500', '5', '500', '6', '500', '38', '1000', '45', '1000', '0', '0', '0', '0', '0', '0', '0', '0', '0', '0', '0', '0', '0', '0', '0', '10', '10', '10', '10', '10', '10', '1000', '0', '0', '0', '0', '0', '0', '-1', '0', '-1', '0', '0', '0', '0', '-1', '0', '-1', '0', '0', '0', '0', '-1', '0', '-1', '0', '0', '0', '0', '-1', '0', '-1', '0', '0', '0', '0', '-1', '0', '-1', '0', '', '0', '0', '0', '0', '0', '0', '0', '0', '0', '0', '0', '0', '0', '0', '0', '0', '0', '0', '0', '0', '0', '0', '0', '0', '-1', '0', '0', '0', '0', '', '0', '0', '0', '0', '0', '0');
REPLACE INTO `item_template` VALUES ('60089', '4', '1', '-1', '|cff2ECCFARaidhelper Cloth Chest', '49954', '5', '0', '0', '1', '0', '0', '5', '-1', '-1', '0', '0', '0', '0', '0', '0', '0', '0', '0', '0', '1', '0', '10', '7', '500', '4', '500', '3', '500', '5', '500', '6', '500', '38', '1000', '45', '1000', '0', '0', '0', '0', '0', '0', '0', '0', '0', '0', '0', '0', '0', '0', '0', '10', '10', '10', '10', '10', '10', '1000', '0', '0', '0', '0', '0', '0', '-1', '0', '-1', '0', '0', '0', '0', '-1', '0', '-1', '0', '0', '0', '0', '-1', '0', '-1', '0', '0', '0', '0', '-1', '0', '-1', '0', '0', '0', '0', '-1', '0', '-1', '0', '', '0', '0', '0', '0', '0', '0', '0', '0', '0', '0', '0', '0', '0', '0', '0', '0', '0', '0', '0', '0', '0', '0', '0', '0', '-1', '0', '0', '0', '0', '', '0', '0', '0', '0', '0', '0');
REPLACE INTO `item_template` VALUES ('60090', '4', '1', '-1', '|cff2ECCFARaidhelper Cloth Wrists', '48684', '5', '0', '0', '1', '0', '0', '9', '-1', '-1', '0', '0', '0', '0', '0', '0', '0', '0', '0', '0', '1', '0', '10', '7', '500', '4', '500', '3', '500', '5', '500', '6', '500', '38', '1000', '45', '1000', '0', '0', '0', '0', '0', '0', '0', '0', '0', '0', '0', '0', '0', '0', '0', '10', '10', '10', '10', '10', '10', '1000', '0', '0', '0', '0', '0', '0', '-1', '0', '-1', '0', '0', '0', '0', '-1', '0', '-1', '0', '0', '0', '0', '-1', '0', '-1', '0', '0', '0', '0', '-1', '0', '-1', '0', '0', '0', '0', '-1', '0', '-1', '0', '', '0', '0', '0', '0', '0', '0', '0', '0', '0', '0', '0', '0', '0', '0', '0', '0', '0', '0', '0', '0', '0', '0', '0', '0', '-1', '0', '0', '0', '0', '', '0', '0', '0', '0', '0', '0');
REPLACE INTO `item_template` VALUES ('60091', '4', '1', '-1', '|cff2ECCFARaidhelper Cloth Gloves', '48618', '5', '0', '0', '1', '0', '0', '10', '-1', '-1', '0', '0', '0', '0', '0', '0', '0', '0', '0', '0', '1', '0', '10', '7', '500', '4', '500', '3', '500', '5', '500', '6', '500', '38', '1000', '45', '1000', '0', '0', '0', '0', '0', '0', '0', '0', '0', '0', '0', '0', '0', '0', '0', '10', '10', '10', '10', '10', '10', '1000', '0', '0', '0', '0', '0', '0', '-1', '0', '-1', '0', '0', '0', '0', '-1', '0', '-1', '0', '0', '0', '0', '-1', '0', '-1', '0', '0', '0', '0', '-1', '0', '-1', '0', '0', '0', '0', '-1', '0', '-1', '0', '', '0', '0', '0', '0', '0', '0', '0', '0', '0', '0', '0', '0', '0', '0', '0', '0', '0', '0', '0', '0', '0', '0', '0', '0', '-1', '0', '0', '0', '0', '', '0', '0', '0', '0', '0', '0');
REPLACE INTO `item_template` VALUES ('60092', '4', '1', '-1', '|cff2ECCFARaidhelper Cloth Waist', '48683', '5', '0', '0', '1', '0', '0', '6', '-1', '-1', '0', '0', '0', '0', '0', '0', '0', '0', '0', '0', '1', '0', '10', '7', '500', '4', '500', '3', '500', '5', '500', '6', '500', '38', '1000', '45', '1000', '0', '0', '0', '0', '0', '0', '0', '0', '0', '0', '0', '0', '0', '0', '0', '10', '10', '10', '10', '10', '10', '1000', '0', '0', '0', '0', '0', '0', '-1', '0', '-1', '0', '0', '0', '0', '-1', '0', '-1', '0', '0', '0', '0', '-1', '0', '-1', '0', '0', '0', '0', '-1', '0', '-1', '0', '0', '0', '0', '-1', '0', '-1', '0', '', '0', '0', '0', '0', '0', '0', '0', '0', '0', '0', '0', '0', '0', '0', '0', '0', '0', '0', '0', '0', '0', '0', '0', '0', '-1', '0', '0', '0', '0', '', '0', '0', '0', '0', '0', '0');
REPLACE INTO `item_template` VALUES ('60093', '4', '1', '-1', '|cff2ECCFARaidhelper Cloth Legs', '49952', '5', '0', '0', '1', '0', '0', '7', '-1', '-1', '0', '0', '0', '0', '0', '0', '0', '0', '0', '0', '1', '0', '10', '7', '500', '4', '500', '3', '500', '5', '500', '6', '500', '38', '1000', '45', '1000', '0', '0', '0', '0', '0', '0', '0', '0', '0', '0', '0', '0', '0', '0', '0', '10', '10', '10', '10', '10', '10', '1000', '0', '0', '0', '0', '0', '0', '-1', '0', '-1', '0', '0', '0', '0', '-1', '0', '-1', '0', '0', '0', '0', '-1', '0', '-1', '0', '0', '0', '0', '-1', '0', '-1', '0', '0', '0', '0', '-1', '0', '-1', '0', '', '0', '0', '0', '0', '0', '0', '0', '0', '0', '0', '0', '0', '0', '0', '0', '0', '0', '0', '0', '0', '0', '0', '0', '0', '-1', '0', '0', '0', '0', '', '0', '0', '0', '0', '0', '0');
REPLACE INTO `item_template` VALUES ('60094', '4', '1', '-1', '|cff2ECCFARaidhelper Cloth Boots', '48685', '5', '0', '0', '1', '0', '0', '8', '-1', '-1', '0', '0', '0', '0', '0', '0', '0', '0', '0', '0', '1', '0', '10', '7', '500', '4', '500', '3', '500', '5', '500', '6', '500', '38', '1000', '45', '1000', '0', '0', '0', '0', '0', '0', '0', '0', '0', '0', '0', '0', '0', '0', '0', '10', '10', '10', '10', '10', '10', '1000', '0', '0', '0', '0', '0', '0', '-1', '0', '-1', '0', '0', '0', '0', '-1', '0', '-1', '0', '0', '0', '0', '-1', '0', '-1', '0', '0', '0', '0', '-1', '0', '-1', '0', '0', '0', '0', '-1', '0', '-1', '0', '', '0', '0', '0', '0', '0', '0', '0', '0', '0', '0', '0', '0', '0', '0', '0', '0', '0', '0', '0', '0', '0', '0', '0', '0', '-1', '0', '0', '0', '0', '', '0', '0', '0', '0', '0', '0');
REPLACE INTO `item_template` VALUES ('60095', '4', '2', '-1', '|cff2ECCFARaidhelper LEATHER Helm', '48602', '5', '0', '0', '1', '0', '0', '1', '-1', '-1', '0', '0', '0', '0', '0', '0', '0', '0', '0', '0', '1', '0', '10', '7', '500', '4', '500', '3', '500', '5', '500', '6', '500', '38', '1000', '45', '1000', '0', '0', '0', '0', '0', '0', '0', '0', '0', '0', '0', '0', '0', '0', '0', '10', '10', '10', '10', '10', '10', '1000', '0', '0', '0', '0', '0', '0', '-1', '0', '-1', '0', '0', '0', '0', '-1', '0', '-1', '0', '0', '0', '0', '-1', '0', '-1', '0', '0', '0', '0', '-1', '0', '-1', '0', '0', '0', '0', '-1', '0', '-1', '0', '', '0', '0', '0', '0', '0', '0', '0', '0', '0', '0', '0', '0', '0', '0', '0', '0', '0', '0', '0', '0', '0', '0', '0', '0', '-1', '0', '0', '0', '0', '', '0', '0', '0', '0', '0', '0');
REPLACE INTO `item_template` VALUES ('60096', '4', '2', '-1', '|cff2ECCFARaidhelper LEATHER Shoulders', '48591', '5', '0', '0', '1', '0', '0', '3', '-1', '-1', '0', '0', '0', '0', '0', '0', '0', '0', '0', '0', '1', '0', '10', '7', '500', '4', '500', '3', '500', '5', '500', '6', '500', '38', '1000', '45', '1000', '0', '0', '0', '0', '0', '0', '0', '0', '0', '0', '0', '0', '0', '0', '0', '10', '10', '10', '10', '10', '10', '1000', '0', '0', '0', '0', '0', '0', '-1', '0', '-1', '0', '0', '0', '0', '-1', '0', '-1', '0', '0', '0', '0', '-1', '0', '-1', '0', '0', '0', '0', '-1', '0', '-1', '0', '0', '0', '0', '-1', '0', '-1', '0', '', '0', '0', '0', '0', '0', '0', '0', '0', '0', '0', '0', '0', '0', '0', '0', '0', '0', '0', '0', '0', '0', '0', '0', '0', '-1', '0', '0', '0', '0', '', '0', '0', '0', '0', '0', '0');
REPLACE INTO `item_template` VALUES ('60097', '4', '2', '-1', '|cff2ECCFARaidhelper LEATHER Chest', '49968', '5', '0', '0', '1', '0', '0', '5', '-1', '-1', '0', '0', '0', '0', '0', '0', '0', '0', '0', '0', '1', '0', '10', '7', '500', '4', '500', '3', '500', '5', '500', '6', '500', '38', '1000', '45', '1000', '0', '0', '0', '0', '0', '0', '0', '0', '0', '0', '0', '0', '0', '0', '0', '10', '10', '10', '10', '10', '10', '1000', '0', '0', '0', '0', '0', '0', '-1', '0', '-1', '0', '0', '0', '0', '-1', '0', '-1', '0', '0', '0', '0', '-1', '0', '-1', '0', '0', '0', '0', '-1', '0', '-1', '0', '0', '0', '0', '-1', '0', '-1', '0', '', '0', '0', '0', '0', '0', '0', '0', '0', '0', '0', '0', '0', '0', '0', '0', '0', '0', '0', '0', '0', '0', '0', '0', '0', '-1', '0', '0', '0', '0', '', '0', '0', '0', '0', '0', '0');
REPLACE INTO `item_template` VALUES ('60098', '4', '2', '-1', '|cff2ECCFARaidhelper LEATHER Wrists', '48681', '5', '0', '0', '1', '0', '0', '9', '-1', '-1', '0', '0', '0', '0', '0', '0', '0', '0', '0', '0', '1', '0', '10', '7', '500', '4', '500', '3', '500', '5', '500', '6', '500', '38', '1000', '45', '1000', '0', '0', '0', '0', '0', '0', '0', '0', '0', '0', '0', '0', '0', '0', '0', '10', '10', '10', '10', '10', '10', '1000', '0', '0', '0', '0', '0', '0', '-1', '0', '-1', '0', '0', '0', '0', '-1', '0', '-1', '0', '0', '0', '0', '-1', '0', '-1', '0', '0', '0', '0', '-1', '0', '-1', '0', '0', '0', '0', '-1', '0', '-1', '0', '', '0', '0', '0', '0', '0', '0', '0', '0', '0', '0', '0', '0', '0', '0', '0', '0', '0', '0', '0', '0', '0', '0', '0', '0', '-1', '0', '0', '0', '0', '', '0', '0', '0', '0', '0', '0');
REPLACE INTO `item_template` VALUES ('60099', '4', '2', '-1', '|cff2ECCFARaidhelper LEATHER Gloves', '48666', '5', '0', '0', '1', '0', '0', '10', '-1', '-1', '0', '0', '0', '0', '0', '0', '0', '0', '0', '0', '1', '0', '10', '7', '500', '4', '500', '3', '500', '5', '500', '6', '500', '38', '1000', '45', '1000', '0', '0', '0', '0', '0', '0', '0', '0', '0', '0', '0', '0', '0', '0', '0', '10', '10', '10', '10', '10', '10', '1000', '0', '0', '0', '0', '0', '0', '-1', '0', '-1', '0', '0', '0', '0', '-1', '0', '-1', '0', '0', '0', '0', '-1', '0', '-1', '0', '0', '0', '0', '-1', '0', '-1', '0', '0', '0', '0', '-1', '0', '-1', '0', '', '0', '0', '0', '0', '0', '0', '0', '0', '0', '0', '0', '0', '0', '0', '0', '0', '0', '0', '0', '0', '0', '0', '0', '0', '-1', '0', '0', '0', '0', '', '0', '0', '0', '0', '0', '0');
REPLACE INTO `item_template` VALUES ('60100', '4', '2', '-1', '|cff2ECCFARaidhelper LEATHER Waist', '48679', '5', '0', '0', '1', '0', '0', '6', '-1', '-1', '0', '0', '0', '0', '0', '0', '0', '0', '0', '0', '1', '0', '10', '7', '500', '4', '500', '3', '500', '5', '500', '6', '500', '38', '1000', '45', '1000', '0', '0', '0', '0', '0', '0', '0', '0', '0', '0', '0', '0', '0', '0', '0', '10', '10', '10', '10', '10', '10', '1000', '0', '0', '0', '0', '0', '0', '-1', '0', '-1', '0', '0', '0', '0', '-1', '0', '-1', '0', '0', '0', '0', '-1', '0', '-1', '0', '0', '0', '0', '-1', '0', '-1', '0', '0', '0', '0', '-1', '0', '-1', '0', '', '0', '0', '0', '0', '0', '0', '0', '0', '0', '0', '0', '0', '0', '0', '0', '0', '0', '0', '0', '0', '0', '0', '0', '0', '-1', '0', '0', '0', '0', '', '0', '0', '0', '0', '0', '0');
REPLACE INTO `item_template` VALUES ('60101', '4', '2', '-1', '|cff2ECCFARaidhelper LEATHER Legs', '48603', '5', '0', '0', '1', '0', '0', '7', '-1', '-1', '0', '0', '0', '0', '0', '0', '0', '0', '0', '0', '1', '0', '10', '7', '500', '4', '500', '3', '500', '5', '500', '6', '500', '38', '1000', '45', '1000', '0', '0', '0', '0', '0', '0', '0', '0', '0', '0', '0', '0', '0', '0', '0', '10', '10', '10', '10', '10', '10', '1000', '0', '0', '0', '0', '0', '0', '-1', '0', '-1', '0', '0', '0', '0', '-1', '0', '-1', '0', '0', '0', '0', '-1', '0', '-1', '0', '0', '0', '0', '-1', '0', '-1', '0', '0', '0', '0', '-1', '0', '-1', '0', '', '0', '0', '0', '0', '0', '0', '0', '0', '0', '0', '0', '0', '0', '0', '0', '0', '0', '0', '0', '0', '0', '0', '0', '0', '-1', '0', '0', '0', '0', '', '0', '0', '0', '0', '0', '0');
REPLACE INTO `item_template` VALUES ('60102', '4', '2', '-1', '|cff2ECCFARaidhelper LEATHER Boots', '48678', '5', '0', '0', '1', '0', '0', '8', '-1', '-1', '0', '0', '0', '0', '0', '0', '0', '0', '0', '0', '1', '0', '10', '7', '500', '4', '500', '3', '500', '5', '500', '6', '500', '38', '1000', '45', '1000', '0', '0', '0', '0', '0', '0', '0', '0', '0', '0', '0', '0', '0', '0', '0', '10', '10', '10', '10', '10', '10', '1000', '0', '0', '0', '0', '0', '0', '-1', '0', '-1', '0', '0', '0', '0', '-1', '0', '-1', '0', '0', '0', '0', '-1', '0', '-1', '0', '0', '0', '0', '-1', '0', '-1', '0', '0', '0', '0', '-1', '0', '-1', '0', '', '0', '0', '0', '0', '0', '0', '0', '0', '0', '0', '0', '0', '0', '0', '0', '0', '0', '0', '0', '0', '0', '0', '0', '0', '-1', '0', '0', '0', '0', '', '0', '0', '0', '0', '0', '0');
REPLACE INTO `item_template` VALUES ('60103', '4', '3', '-1', '|cff2ECCFARaidhelper MAIL Helm', '48613', '5', '0', '0', '1', '0', '0', '1', '-1', '-1', '0', '0', '0', '0', '0', '0', '0', '0', '0', '0', '1', '0', '10', '7', '500', '4', '500', '3', '500', '5', '500', '6', '500', '38', '1000', '45', '1000', '0', '0', '0', '0', '0', '0', '0', '0', '0', '0', '0', '0', '0', '0', '0', '10', '10', '10', '10', '10', '10', '1000', '0', '0', '0', '0', '0', '0', '-1', '0', '-1', '0', '0', '0', '0', '-1', '0', '-1', '0', '0', '0', '0', '-1', '0', '-1', '0', '0', '0', '0', '-1', '0', '-1', '0', '0', '0', '0', '-1', '0', '-1', '0', '', '0', '0', '0', '0', '0', '0', '0', '0', '0', '0', '0', '0', '0', '0', '0', '0', '0', '0', '0', '0', '0', '0', '0', '0', '-1', '0', '0', '0', '0', '', '0', '0', '0', '0', '0', '0');
REPLACE INTO `item_template` VALUES ('60104', '4', '3', '-1', '|cff2ECCFARaidhelper MAIL Shoulders', '48616', '5', '0', '0', '1', '0', '0', '3', '-1', '-1', '0', '0', '0', '0', '0', '0', '0', '0', '0', '0', '1', '0', '10', '7', '500', '4', '500', '3', '500', '5', '500', '6', '500', '38', '1000', '45', '1000', '0', '0', '0', '0', '0', '0', '0', '0', '0', '0', '0', '0', '0', '0', '0', '10', '10', '10', '10', '10', '10', '1000', '0', '0', '0', '0', '0', '0', '-1', '0', '-1', '0', '0', '0', '0', '-1', '0', '-1', '0', '0', '0', '0', '-1', '0', '-1', '0', '0', '0', '0', '-1', '0', '-1', '0', '0', '0', '0', '-1', '0', '-1', '0', '', '0', '0', '0', '0', '0', '0', '0', '0', '0', '0', '0', '0', '0', '0', '0', '0', '0', '0', '0', '0', '0', '0', '0', '0', '-1', '0', '0', '0', '0', '', '0', '0', '0', '0', '0', '0');
REPLACE INTO `item_template` VALUES ('60105', '4', '3', '-1', '|cff2ECCFARaidhelper MAIL Chest', '49969', '5', '0', '0', '1', '0', '0', '5', '-1', '-1', '0', '0', '0', '0', '0', '0', '0', '0', '0', '0', '1', '0', '10', '7', '500', '4', '500', '3', '500', '5', '500', '6', '500', '38', '1000', '45', '1000', '0', '0', '0', '0', '0', '0', '0', '0', '0', '0', '0', '0', '0', '0', '0', '10', '10', '10', '10', '10', '10', '1000', '0', '0', '0', '0', '0', '0', '-1', '0', '-1', '0', '0', '0', '0', '-1', '0', '-1', '0', '0', '0', '0', '-1', '0', '-1', '0', '0', '0', '0', '-1', '0', '-1', '0', '0', '0', '0', '-1', '0', '-1', '0', '', '0', '0', '0', '0', '0', '0', '0', '0', '0', '0', '0', '0', '0', '0', '0', '0', '0', '0', '0', '0', '0', '0', '0', '0', '-1', '0', '0', '0', '0', '', '0', '0', '0', '0', '0', '0');
REPLACE INTO `item_template` VALUES ('60106', '4', '3', '-1', '|cff2ECCFARaidhelper MAIL Wrists', '48673', '5', '0', '0', '1', '0', '0', '9', '-1', '-1', '0', '0', '0', '0', '0', '0', '0', '0', '0', '0', '1', '0', '10', '7', '500', '4', '500', '3', '500', '5', '500', '6', '500', '38', '1000', '45', '1000', '0', '0', '0', '0', '0', '0', '0', '0', '0', '0', '0', '0', '0', '0', '0', '10', '10', '10', '10', '10', '10', '1000', '0', '0', '0', '0', '0', '0', '-1', '0', '-1', '0', '0', '0', '0', '-1', '0', '-1', '0', '0', '0', '0', '-1', '0', '-1', '0', '0', '0', '0', '-1', '0', '-1', '0', '0', '0', '0', '-1', '0', '-1', '0', '', '0', '0', '0', '0', '0', '0', '0', '0', '0', '0', '0', '0', '0', '0', '0', '0', '0', '0', '0', '0', '0', '0', '0', '0', '-1', '0', '0', '0', '0', '', '0', '0', '0', '0', '0', '0');
REPLACE INTO `item_template` VALUES ('60107', '4', '3', '-1', '|cff2ECCFARaidhelper MAIL Gloves', '48611', '5', '0', '0', '1', '0', '0', '10', '-1', '-1', '0', '0', '0', '0', '0', '0', '0', '0', '0', '0', '1', '0', '10', '7', '500', '4', '500', '3', '500', '5', '500', '6', '500', '38', '1000', '45', '1000', '0', '0', '0', '0', '0', '0', '0', '0', '0', '0', '0', '0', '0', '0', '0', '10', '10', '10', '10', '10', '10', '1000', '0', '0', '0', '0', '0', '0', '-1', '0', '-1', '0', '0', '0', '0', '-1', '0', '-1', '0', '0', '0', '0', '-1', '0', '-1', '0', '0', '0', '0', '-1', '0', '-1', '0', '0', '0', '0', '-1', '0', '-1', '0', '', '0', '0', '0', '0', '0', '0', '0', '0', '0', '0', '0', '0', '0', '0', '0', '0', '0', '0', '0', '0', '0', '0', '0', '0', '-1', '0', '0', '0', '0', '', '0', '0', '0', '0', '0', '0');
REPLACE INTO `item_template` VALUES ('60108', '4', '3', '-1', '|cff2ECCFARaidhelper MAIL Waist', '48674', '5', '0', '0', '1', '0', '0', '6', '-1', '-1', '0', '0', '0', '0', '0', '0', '0', '0', '0', '0', '1', '0', '10', '7', '500', '4', '500', '3', '500', '5', '500', '6', '500', '38', '1000', '45', '1000', '0', '0', '0', '0', '0', '0', '0', '0', '0', '0', '0', '0', '0', '0', '0', '10', '10', '10', '10', '10', '10', '1000', '0', '0', '0', '0', '0', '0', '-1', '0', '-1', '0', '0', '0', '0', '-1', '0', '-1', '0', '0', '0', '0', '-1', '0', '-1', '0', '0', '0', '0', '-1', '0', '-1', '0', '0', '0', '0', '-1', '0', '-1', '0', '', '0', '0', '0', '0', '0', '0', '0', '0', '0', '0', '0', '0', '0', '0', '0', '0', '0', '0', '0', '0', '0', '0', '0', '0', '-1', '0', '0', '0', '0', '', '0', '0', '0', '0', '0', '0');
REPLACE INTO `item_template` VALUES ('60109', '4', '3', '-1', '|cff2ECCFARaidhelper MAIL Legs', '48615', '5', '0', '0', '1', '0', '0', '7', '-1', '-1', '0', '0', '0', '0', '0', '0', '0', '0', '0', '0', '1', '0', '10', '7', '500', '4', '500', '3', '500', '5', '500', '6', '500', '38', '1000', '45', '1000', '0', '0', '0', '0', '0', '0', '0', '0', '0', '0', '0', '0', '0', '0', '0', '10', '10', '10', '10', '10', '10', '1000', '0', '0', '0', '0', '0', '0', '-1', '0', '-1', '0', '0', '0', '0', '-1', '0', '-1', '0', '0', '0', '0', '-1', '0', '-1', '0', '0', '0', '0', '-1', '0', '-1', '0', '0', '0', '0', '-1', '0', '-1', '0', '', '0', '0', '0', '0', '0', '0', '0', '0', '0', '0', '0', '0', '0', '0', '0', '0', '0', '0', '0', '0', '0', '0', '0', '0', '-1', '0', '0', '0', '0', '', '0', '0', '0', '0', '0', '0');
REPLACE INTO `item_template` VALUES ('60110', '4', '3', '-1', '|cff2ECCFARaidhelper MAIL Boots', '48675', '5', '0', '0', '1', '0', '0', '8', '-1', '-1', '0', '0', '0', '0', '0', '0', '0', '0', '0', '0', '1', '0', '10', '7', '500', '4', '500', '3', '500', '5', '500', '6', '500', '38', '1000', '45', '1000', '0', '0', '0', '0', '0', '0', '0', '0', '0', '0', '0', '0', '0', '0', '0', '10', '10', '10', '10', '10', '10', '1000', '0', '0', '0', '0', '0', '0', '-1', '0', '-1', '0', '0', '0', '0', '-1', '0', '-1', '0', '0', '0', '0', '-1', '0', '-1', '0', '0', '0', '0', '-1', '0', '-1', '0', '0', '0', '0', '-1', '0', '-1', '0', '', '0', '0', '0', '0', '0', '0', '0', '0', '0', '0', '0', '0', '0', '0', '0', '0', '0', '0', '0', '0', '0', '0', '0', '0', '-1', '0', '0', '0', '0', '', '0', '0', '0', '0', '0', '0');
REPLACE INTO `item_template` VALUES ('60111', '4', '4', '-1', '|cff2ECCFARaidhelper PLATE Helm', '49685', '5', '0', '0', '1', '0', '0', '1', '-1', '-1', '0', '0', '0', '0', '0', '0', '0', '0', '0', '0', '1', '0', '10', '7', '500', '4', '500', '3', '500', '5', '500', '6', '500', '38', '1000', '45', '1000', '0', '0', '0', '0', '0', '0', '0', '0', '0', '0', '0', '0', '0', '0', '0', '10', '10', '10', '10', '10', '10', '1000', '0', '0', '0', '0', '0', '0', '-1', '0', '-1', '0', '0', '0', '0', '-1', '0', '-1', '0', '0', '0', '0', '-1', '0', '-1', '0', '0', '0', '0', '-1', '0', '-1', '0', '0', '0', '0', '-1', '0', '-1', '0', '', '0', '0', '0', '0', '0', '0', '0', '0', '0', '0', '0', '0', '0', '0', '0', '0', '0', '0', '0', '0', '0', '0', '0', '0', '-1', '0', '0', '0', '0', '', '0', '0', '0', '0', '0', '0');
REPLACE INTO `item_template` VALUES ('60112', '4', '4', '-1', '|cff2ECCFARaidhelper PLATE Shoulders', '49995', '5', '0', '0', '1', '0', '0', '3', '-1', '-1', '0', '0', '0', '0', '0', '0', '0', '0', '0', '0', '1', '0', '10', '7', '500', '4', '500', '3', '500', '5', '500', '6', '500', '38', '1000', '45', '1000', '0', '0', '0', '0', '0', '0', '0', '0', '0', '0', '0', '0', '0', '0', '0', '10', '10', '10', '10', '10', '10', '1000', '0', '0', '0', '0', '0', '0', '-1', '0', '-1', '0', '0', '0', '0', '-1', '0', '-1', '0', '0', '0', '0', '-1', '0', '-1', '0', '0', '0', '0', '-1', '0', '-1', '0', '0', '0', '0', '-1', '0', '-1', '0', '', '0', '0', '0', '0', '0', '0', '0', '0', '0', '0', '0', '0', '0', '0', '0', '0', '0', '0', '0', '0', '0', '0', '0', '0', '-1', '0', '0', '0', '0', '', '0', '0', '0', '0', '0', '0');
REPLACE INTO `item_template` VALUES ('60113', '4', '4', '-1', '|cff2ECCFARaidhelper PLATE Chest', '49999', '5', '0', '0', '1', '0', '0', '5', '-1', '-1', '0', '0', '0', '0', '0', '0', '0', '0', '0', '0', '1', '0', '10', '7', '500', '4', '500', '3', '500', '5', '500', '6', '500', '38', '1000', '45', '1000', '0', '0', '0', '0', '0', '0', '0', '0', '0', '0', '0', '0', '0', '0', '0', '10', '10', '10', '10', '10', '10', '1000', '0', '0', '0', '0', '0', '0', '-1', '0', '-1', '0', '0', '0', '0', '-1', '0', '-1', '0', '0', '0', '0', '-1', '0', '-1', '0', '0', '0', '0', '-1', '0', '-1', '0', '0', '0', '0', '-1', '0', '-1', '0', '', '0', '0', '0', '0', '0', '0', '0', '0', '0', '0', '0', '0', '0', '0', '0', '0', '0', '0', '0', '0', '0', '0', '0', '0', '-1', '0', '0', '0', '0', '', '0', '0', '0', '0', '0', '0');
REPLACE INTO `item_template` VALUES ('60114', '4', '4', '-1', '|cff2ECCFARaidhelper PLATE Wrists', '48664', '5', '0', '0', '1', '0', '0', '9', '-1', '-1', '0', '0', '0', '0', '0', '0', '0', '0', '0', '0', '1', '0', '10', '7', '500', '4', '500', '3', '500', '5', '500', '6', '500', '38', '1000', '45', '1000', '0', '0', '0', '0', '0', '0', '0', '0', '0', '0', '0', '0', '0', '0', '0', '10', '10', '10', '10', '10', '10', '1000', '0', '0', '0', '0', '0', '0', '-1', '0', '-1', '0', '0', '0', '0', '-1', '0', '-1', '0', '0', '0', '0', '-1', '0', '-1', '0', '0', '0', '0', '-1', '0', '-1', '0', '0', '0', '0', '-1', '0', '-1', '0', '', '0', '0', '0', '0', '0', '0', '0', '0', '0', '0', '0', '0', '0', '0', '0', '0', '0', '0', '0', '0', '0', '0', '0', '0', '-1', '0', '0', '0', '0', '', '0', '0', '0', '0', '0', '0');
REPLACE INTO `item_template` VALUES ('60115', '4', '4', '-1', '|cff2ECCFARaidhelper PLATE Gloves', '49998', '5', '0', '0', '1', '0', '0', '10', '-1', '-1', '0', '0', '0', '0', '0', '0', '0', '0', '0', '0', '1', '0', '10', '7', '500', '4', '500', '3', '500', '5', '500', '6', '500', '38', '1000', '45', '1000', '0', '0', '0', '0', '0', '0', '0', '0', '0', '0', '0', '0', '0', '0', '0', '10', '10', '10', '10', '10', '10', '1000', '0', '0', '0', '0', '0', '0', '-1', '0', '-1', '0', '0', '0', '0', '-1', '0', '-1', '0', '0', '0', '0', '-1', '0', '-1', '0', '0', '0', '0', '-1', '0', '-1', '0', '0', '0', '0', '-1', '0', '-1', '0', '', '0', '0', '0', '0', '0', '0', '0', '0', '0', '0', '0', '0', '0', '0', '0', '0', '0', '0', '0', '0', '0', '0', '0', '0', '-1', '0', '0', '0', '0', '', '0', '0', '0', '0', '0', '0');
REPLACE INTO `item_template` VALUES ('60116', '4', '4', '-1', '|cff2ECCFARaidhelper PLATE Waist', '48661', '5', '0', '0', '1', '0', '0', '6', '-1', '-1', '0', '0', '0', '0', '0', '0', '0', '0', '0', '0', '1', '0', '10', '7', '500', '4', '500', '3', '500', '5', '500', '6', '500', '38', '1000', '45', '1000', '0', '0', '0', '0', '0', '0', '0', '0', '0', '0', '0', '0', '0', '0', '0', '10', '10', '10', '10', '10', '10', '1000', '0', '0', '0', '0', '0', '0', '-1', '0', '-1', '0', '0', '0', '0', '-1', '0', '-1', '0', '0', '0', '0', '-1', '0', '-1', '0', '0', '0', '0', '-1', '0', '-1', '0', '0', '0', '0', '-1', '0', '-1', '0', '', '0', '0', '0', '0', '0', '0', '0', '0', '0', '0', '0', '0', '0', '0', '0', '0', '0', '0', '0', '0', '0', '0', '0', '0', '-1', '0', '0', '0', '0', '', '0', '0', '0', '0', '0', '0');
REPLACE INTO `item_template` VALUES ('60117', '4', '4', '-1', '|cff2ECCFARaidhelper PLATE Legs', '49996', '5', '0', '0', '1', '0', '0', '7', '-1', '-1', '0', '0', '0', '0', '0', '0', '0', '0', '0', '0', '1', '0', '10', '7', '500', '4', '500', '3', '500', '5', '500', '6', '500', '38', '1000', '45', '1000', '0', '0', '0', '0', '0', '0', '0', '0', '0', '0', '0', '0', '0', '0', '0', '10', '10', '10', '10', '10', '10', '1000', '0', '0', '0', '0', '0', '0', '-1', '0', '-1', '0', '0', '0', '0', '-1', '0', '-1', '0', '0', '0', '0', '-1', '0', '-1', '0', '0', '0', '0', '-1', '0', '-1', '0', '0', '0', '0', '-1', '0', '-1', '0', '', '0', '0', '0', '0', '0', '0', '0', '0', '0', '0', '0', '0', '0', '0', '0', '0', '0', '0', '0', '0', '0', '0', '0', '0', '-1', '0', '0', '0', '0', '', '0', '0', '0', '0', '0', '0');
REPLACE INTO `item_template` VALUES ('60118', '4', '4', '-1', '|cff2ECCFARaidhelper PLATE Boots', '48669', '5', '0', '0', '1', '0', '0', '8', '-1', '-1', '0', '0', '0', '0', '0', '0', '0', '0', '0', '0', '1', '0', '10', '7', '500', '4', '500', '3', '500', '5', '500', '6', '500', '38', '1000', '45', '1000', '0', '0', '0', '0', '0', '0', '0', '0', '0', '0', '0', '0', '0', '0', '0', '10', '10', '10', '10', '10', '10', '1000', '0', '0', '0', '0', '0', '0', '-1', '0', '-1', '0', '0', '0', '0', '-1', '0', '-1', '0', '0', '0', '0', '-1', '0', '-1', '0', '0', '0', '0', '-1', '0', '-1', '0', '0', '0', '0', '-1', '0', '-1', '0', '', '0', '0', '0', '0', '0', '0', '0', '0', '0', '0', '0', '0', '0', '0', '0', '0', '0', '0', '0', '0', '0', '0', '0', '0', '-1', '0', '0', '0', '0', '', '0', '0', '0', '0', '0', '0');
REPLACE INTO `item_template` VALUES ('60119', '4', '0', '-1', '|cff2ECCFARaidhelper Ring', '39129', '5', '0', '0', '1', '0', '0', '11', '-1', '-1', '0', '0', '0', '0', '0', '0', '0', '0', '0', '0', '1', '0', '10', '7', '500', '4', '500', '3', '500', '5', '500', '6', '500', '38', '1000', '45', '1000', '0', '0', '0', '0', '0', '0', '0', '0', '0', '0', '0', '0', '0', '0', '0', '10', '10', '10', '10', '10', '10', '1000', '0', '0', '0', '0', '0', '0', '-1', '0', '-1', '0', '0', '0', '0', '-1', '0', '-1', '0', '0', '0', '0', '-1', '0', '-1', '0', '0', '0', '0', '-1', '0', '-1', '0', '0', '0', '0', '-1', '0', '-1', '0', '', '0', '0', '0', '0', '0', '0', '0', '0', '0', '0', '0', '0', '0', '0', '0', '0', '0', '0', '0', '0', '0', '0', '0', '0', '-1', '0', '0', '0', '0', '', '0', '0', '0', '0', '0', '0');
REPLACE INTO `item_template` VALUES ('60120', '4', '0', '-1', '|cff2ECCFARaidhelper Trinket', '61413', '5', '0', '0', '1', '0', '0', '12', '-1', '-1', '0', '0', '0', '0', '0', '0', '0', '0', '0', '0', '1', '0', '10', '7', '500', '4', '500', '3', '500', '5', '500', '6', '500', '38', '1000', '45', '1000', '0', '0', '0', '0', '0', '0', '0', '0', '0', '0', '0', '0', '0', '0', '0', '10', '10', '10', '10', '10', '10', '1000', '0', '0', '0', '0', '0', '0', '-1', '0', '-1', '0', '0', '0', '0', '-1', '0', '-1', '0', '0', '0', '0', '-1', '0', '-1', '0', '0', '0', '0', '-1', '0', '-1', '0', '0', '0', '0', '-1', '0', '-1', '0', '', '0', '0', '0', '0', '0', '0', '0', '0', '0', '0', '0', '0', '0', '0', '0', '0', '0', '0', '0', '0', '0', '0', '0', '0', '-1', '0', '0', '0', '0', '', '0', '0', '0', '0', '0', '0');
REPLACE INTO `item_template` VALUES ('60121', '4', '0', '-1', '|cff2ECCFARaidhelper Neck', '39162', '5', '0', '0', '1', '0', '0', '2', '-1', '-1', '0', '0', '0', '0', '0', '0', '0', '0', '0', '0', '1', '0', '10', '7', '500', '4', '500', '3', '500', '5', '500', '6', '500', '38', '1000', '45', '1000', '0', '0', '0', '0', '0', '0', '0', '0', '0', '0', '0', '0', '0', '0', '0', '10', '10', '10', '10', '10', '10', '1000', '0', '0', '0', '0', '0', '0', '-1', '0', '-1', '0', '0', '0', '0', '-1', '0', '-1', '0', '0', '0', '0', '-1', '0', '-1', '0', '0', '0', '0', '-1', '0', '-1', '0', '0', '0', '0', '-1', '0', '-1', '0', '', '0', '0', '0', '0', '0', '0', '0', '0', '0', '0', '0', '0', '0', '0', '0', '0', '0', '0', '0', '0', '0', '0', '0', '0', '-1', '0', '0', '0', '0', '', '0', '0', '0', '0', '0', '0');
REPLACE INTO `item_template` VALUES ('60122', '4', '1', '-1', '|cff2ECCFARaidhelper Cloak', '55663', '5', '0', '0', '1', '0', '0', '16', '-1', '-1', '0', '0', '0', '0', '0', '0', '0', '0', '0', '0', '1', '0', '10', '7', '500', '4', '500', '3', '500', '5', '500', '6', '500', '38', '1000', '45', '1000', '0', '0', '0', '0', '0', '0', '0', '0', '0', '0', '0', '0', '0', '0', '0', '10', '10', '10', '10', '10', '10', '1000', '0', '0', '0', '0', '0', '0', '-1', '0', '-1', '0', '0', '0', '0', '-1', '0', '-1', '0', '0', '0', '0', '-1', '0', '-1', '0', '0', '0', '0', '-1', '0', '-1', '0', '0', '0', '0', '-1', '0', '-1', '0', '', '0', '0', '0', '0', '0', '0', '0', '0', '0', '0', '0', '0', '0', '0', '0', '0', '0', '0', '0', '0', '0', '0', '0', '0', '-1', '0', '0', '0', '0', '', '0', '0', '0', '0', '0', '0');
REPLACE INTO `item_template` VALUES ('60123', '4', '7', '-1', '|cff2ECCFARaidhelper Libram', '1103', '5', '0', '0', '1', '0', '0', '28', '-1', '-1', '0', '0', '0', '0', '0', '0', '0', '0', '0', '0', '1', '0', '10', '7', '500', '4', '500', '3', '500', '5', '500', '6', '500', '38', '1000', '45', '1000', '0', '0', '0', '0', '0', '0', '0', '0', '0', '0', '0', '0', '0', '0', '0', '10', '10', '10', '10', '10', '10', '1000', '0', '0', '0', '0', '0', '0', '-1', '0', '-1', '0', '0', '0', '0', '-1', '0', '-1', '0', '0', '0', '0', '-1', '0', '-1', '0', '0', '0', '0', '-1', '0', '-1', '0', '0', '0', '0', '-1', '0', '-1', '0', '', '0', '0', '0', '0', '0', '0', '0', '0', '0', '0', '0', '0', '0', '0', '0', '0', '0', '0', '0', '0', '0', '0', '0', '0', '-1', '0', '0', '0', '0', '', '0', '0', '0', '0', '0', '0');
REPLACE INTO `item_template` VALUES ('60124', '4', '8', '-1', '|cff2ECCFARaidhelper Idol', '9659', '5', '0', '0', '1', '0', '0', '28', '-1', '-1', '0', '0', '0', '0', '0', '0', '0', '0', '0', '0', '1', '0', '10', '7', '500', '4', '500', '3', '500', '5', '500', '6', '500', '38', '1000', '45', '1000', '0', '0', '0', '0', '0', '0', '0', '0', '0', '0', '0', '0', '0', '0', '0', '10', '10', '10', '10', '10', '10', '1000', '0', '0', '0', '0', '0', '0', '-1', '0', '-1', '0', '0', '0', '0', '-1', '0', '-1', '0', '0', '0', '0', '-1', '0', '-1', '0', '0', '0', '0', '-1', '0', '-1', '0', '0', '0', '0', '-1', '0', '-1', '0', '', '0', '0', '0', '0', '0', '0', '0', '0', '0', '0', '0', '0', '0', '0', '0', '0', '0', '0', '0', '0', '0', '0', '0', '0', '-1', '0', '0', '0', '0', '', '0', '0', '0', '0', '0', '0');
REPLACE INTO `item_template` VALUES ('60125', '4', '10', '-1', '|cff2ECCFARaidhelper Sigil', '51913', '5', '0', '0', '1', '0', '0', '28', '-1', '-1', '0', '0', '0', '0', '0', '0', '0', '0', '0', '0', '1', '0', '10', '7', '500', '4', '500', '3', '500', '5', '500', '6', '500', '38', '1000', '45', '1000', '0', '0', '0', '0', '0', '0', '0', '0', '0', '0', '0', '0', '0', '0', '0', '10', '10', '10', '10', '10', '10', '1000', '0', '0', '0', '0', '0', '0', '-1', '0', '-1', '0', '0', '0', '0', '-1', '0', '-1', '0', '0', '0', '0', '-1', '0', '-1', '0', '0', '0', '0', '-1', '0', '-1', '0', '0', '0', '0', '-1', '0', '-1', '0', '', '0', '0', '0', '0', '0', '0', '0', '0', '0', '0', '0', '0', '0', '0', '0', '0', '0', '0', '0', '0', '0', '0', '0', '0', '-1', '0', '0', '0', '0', '', '0', '0', '0', '0', '0', '0');
REPLACE INTO `item_template` VALUES ('60126', '4', '9', '-1', '|cff2ECCFARaidhelper Totem', '46045', '5', '0', '0', '1', '0', '0', '28', '-1', '-1', '0', '0', '0', '0', '0', '0', '0', '0', '0', '0', '1', '0', '10', '7', '500', '4', '500', '3', '500', '5', '500', '6', '500', '38', '1000', '45', '1000', '0', '0', '0', '0', '0', '0', '0', '0', '0', '0', '0', '0', '0', '0', '0', '10', '10', '10', '10', '10', '10', '1000', '0', '0', '0', '0', '0', '0', '-1', '0', '-1', '0', '0', '0', '0', '-1', '0', '-1', '0', '0', '0', '0', '-1', '0', '-1', '0', '0', '0', '0', '-1', '0', '-1', '0', '0', '0', '0', '-1', '0', '-1', '0', '', '0', '0', '0', '0', '0', '0', '0', '0', '0', '0', '0', '0', '0', '0', '0', '0', '0', '0', '0', '0', '0', '0', '0', '0', '-1', '0', '0', '0', '0', '', '0', '0', '0', '0', '0', '0');
REPLACE INTO `item_template` VALUES ('60127', '4', '1', '-1', '|cff2ECCFARaidhelper Tabard', '58691', '5', '0', '0', '1', '0', '0', '19', '-1', '-1', '0', '0', '0', '0', '0', '0', '0', '0', '0', '0', '1', '0', '10', '31', '10000', '32', '10000', '36', '15000', '37', '10000', '43', '10000', '0', '0', '0', '0', '0', '0', '0', '0', '0', '0', '0', '0', '0', '0', '0', '0', '0', '0', '25000', '20', '20', '20', '20', '20', '20', '0', '0', '0', '0', '0', '0', '0', '0', '0', '0', '0', '0', '0', '0', '0', '0', '0', '0', '0', '0', '0', '0', '0', '0', '0', '0', '0', '0', '0', '0', '0', '0', '0', '0', '0', '0', '0', '0', '0', '', '0', '0', '0', '0', '0', '-1', '0', '0', '0', '5000', '0', '0', '0', '0', '0', '0', '0', '0', '0', '0', '0', '0', '0', '0', '0', '0', '0', '0', '0', 'internalitemhanler', '0', '0', '0', '0', '0', '0');
REPLACE INTO `item_template` VALUES ('60128', '4', '1', '-1', '|cff2ECCFARaidhelper Shirt', '58691', '5', '0', '0', '1', '0', '0', '4', '-1', '-1', '0', '0', '0', '0', '0', '0', '0', '0', '0', '0', '1', '0', '10', '31', '10000', '32', '10000', '36', '15000', '37', '10000', '43', '10000', '0', '0', '0', '0', '0', '0', '0', '0', '0', '0', '0', '0', '0', '0', '0', '0', '0', '0', '25000', '20', '20', '20', '20', '20', '20', '0', '0', '0', '0', '0', '0', '0', '0', '0', '0', '0', '0', '0', '0', '0', '0', '0', '0', '0', '0', '0', '0', '0', '0', '0', '0', '0', '0', '0', '0', '0', '0', '0', '0', '0', '0', '0', '0', '0', '', '0', '0', '0', '0', '0', '-1', '0', '0', '0', '5000', '0', '0', '0', '0', '0', '0', '0', '0', '0', '0', '0', '0', '0', '0', '0', '0', '0', '0', '0', 'internalitemhanler', '0', '0', '0', '0', '0', '0');
REPLACE INTO `item_template` VALUES ('60148', '0', '0', '-1', 'Der wütende Programmierer', '7371', '6', '0', '0', '1', '0', '0', '0', '-1', '-1', '0', '0', '0', '0', '0', '0', '0', '0', '0', '1', '1', '0', '0', '0', '0', '0', '0', '0', '0', '0', '0', '0', '0', '0', '0', '0', '0', '0', '0', '0', '0', '0', '0', '0', '0', '0', '0', '0', '0', '0', '0', '0', '0', '0', '0', '0', '0', '0', '0', '0', '0', '897', '0', '0', '0', '0', '1193', '0', '0', '0', '0', '0', '0', '0', '0', '0', '0', '0', '0', '0', '0', '0', '0', '0', '0', '0', '0', '0', '0', '0', '0', '0', '0', '0', '0', '0', '1', '', '0', '0', '0', '0', '0', '-1', '0', '0', '0', '0', '0', '0', '0', '0', '0', '0', '0', '0', '0', '0', '0', '0', '0', '0', '0', '0', '0', '0', '0', 'internalitemhanler', '0', '0', '0', '0', '0', '1');
REPLACE INTO `item_template` VALUES ('60145', '0', '8', '-1', 'Flugtier der Jomswikinger', '33967', '6', '0', '0', '1', '0', '0', '0', '-1', '-1', '90', '1', '0', '0', '0', '0', '0', '0', '0', '1', '1', '0', '10', '0', '0', '0', '0', '0', '0', '0', '0', '0', '0', '0', '0', '0', '0', '0', '0', '0', '0', '0', '0', '0', '0', '0', '0', '0', '0', '0', '0', '0', '0', '0', '0', '0', '0', '0', '0', '0', '0', '31700', '0', '0', '0', '1', '1141', '1', '0', '0', '0', '0', '0', '0', '0', '0', '0', '0', '0', '0', '0', '0', '0', '0', '0', '0', '0', '0', '0', '0', '0', '0', '0', '0', '0', '0', '1', 'Dieses Flugtier kann überall genutzt werden.', '0', '0', '0', '0', '0', '-1', '0', '0', '0', '0', '0', '0', '0', '0', '0', '0', '0', '0', '0', '0', '0', '0', '0', '0', '0', '0', '0', '0', '0', '', '0', '0', '0', '0', '0', '1');
REPLACE INTO `item_template` VALUES ('60152', '4', '1', '-1', 'Blutiger Umhang des Jomswikingers', '51734', '4', '32768', '0', '1', '42', '8', '16', '-1', '-1', '70', '0', '0', '0', '0', '0', '0', '0', '0', '0', '1', '0', '3', '4', '155', '32', '125', '7', '110', '32', '155', '0', '0', '0', '0', '0', '0', '0', '0', '0', '0', '0', '0', '0', '0', '0', '0', '0', '0', '0', '0', '155', '0', '0', '0', '0', '5', '0', '0', '0', '0', '6298', '0', '0', '0', '-1', '0', '-1', '0', '0', '0', '0', '-1', '0', '-1', '0', '0', '0', '0', '-1', '0', '-1', '0', '0', '0', '0', '-1', '0', '-1', '0', '0', '0', '0', '-1', '0', '-1', '1', 'Ein Legendärer Umhang mit Geschichte...', '0', '0', '0', '0', '0', '7', '0', '0', '0', '0', '0', '0', '0', '0', '0', '0', '0', '0', '0', '0', '0', '0', '0', '0', '-1', '0', '0', '0', '0', '', '0', '0', '0', '0', '0', '0');
REPLACE INTO `item_template` VALUES ('60074', '4', '1', '-1', '|cffBCA9F5Wappenrock des Kriegsfürsten', '35933', '4', '0', '0', '1', '0', '0', '19', '-1', '-1', '85', '0', '0', '0', '0', '0', '0', '0', '0', '0', '1', '0', '10', '7', '50', '4', '50', '3', '50', '1', '50', '6', '50', '38', '500', '45', '500', '32', '500', '0', '0', '0', '0', '0', '0', '0', '0', '0', '0', '0', '0', '1700', '100', '100', '100', '100', '100', '100', '0', '0', '0', '0', '0', '0', '0', '0', '0', '0', '0', '0', '0', '0', '0', '0', '0', '0', '0', '0', '0', '0', '0', '0', '0', '0', '0', '0', '0', '0', '0', '0', '0', '0', '0', '0', '0', '0', '0', '', '0', '0', '0', '0', '0', '-1', '0', '0', '0', '0', '0', '0', '0', '0', '0', '0', '0', '0', '0', '0', '0', '0', '0', '0', '0', '0', '0', '0', '0', 'internalitemhanler', '0', '0', '0', '0', '0', '0');
REPLACE INTO `item_template` VALUES ('60075', '2', '8', '-1', 'Frostklinge der Jomswikinger', '46609', '5', '1', '8192', '1', '2937322', '2937322', '17', '-1', '-1', '300', '70', '0', '0', '0', '0', '0', '0', '0', '2', '1', '0', '0', '0', '0', '0', '0', '0', '0', '0', '0', '0', '0', '0', '0', '0', '0', '0', '0', '0', '0', '0', '0', '0', '0', '566', '1200', '0', '355', '1222', '4', '0', '200', '0', '0', '200', '0', '0', '1020', '0', '0', '43827', '1', '0', '0', '-1', '0', '-1', '41719', '1', '0', '0', '-1', '0', '-1', '41743', '1', '0', '0', '-1', '0', '-1', '0', '0', '0', '0', '-1', '0', '-1', '0', '0', '0', '0', '-1', '0', '-1', '1', 'Wer diese Klinge f?hrt, besitzt unendliche Macht...', '0', '0', '0', '0', '0', '-1', '1', '0', '0', '0', '0', '0', '0', '0', '0', '0', '1', '0', '1', '0', '1', '0', '2946', '1124', '-1', '0', '0', '0', '0', '', '0', '0', '0', '0', '0', '0');
REPLACE INTO `item_template` VALUES ('60153', '2', '10', '-1', 'Verdandis Stimme', '33299', '4', '1', '0', '1', '4600000', '9000000', '17', '-1', '-1', '200', '1', '0', '0', '0', '0', '0', '0', '0', '1', '1', '0', '0', '5', '38', '21', '44', '7', '22', '30', '15', '6', '34', '46', '43', '0', '0', '0', '0', '0', '0', '0', '0', '0', '0', '167', '243', '0', '155', '274', '5', '0', '25', '25', '25', '45', '15', '15', '1200', '0', '0', '470', '0', '0', '0', '-1', '0', '-1', '62115', '1', '0', '0', '-1', '0', '-1', '0', '0', '0', '0', '-1', '0', '-1', '0', '0', '0', '0', '-1', '0', '-1', '0', '0', '0', '0', '-1', '0', '-1', '0', 'Beinhaltet die geballte Kraft Verdandis...', '0', '0', '0', '0', '0', '2', '2', '0', '0', '0', '0', '100', '0', '0', '0', '0', '1', '1', '2', '2', '2', '2', '3758', '1512', '-1', '0', '0', '0', '0', '', '0', '0', '0', '0', '0', '0');
REPLACE INTO `item_template` VALUES ('60143', '0', '0', '-1', 'Zaumzeug des braunen Pferdes', '13108', '5', '134217728', '0', '1', '55000000', '55000000', '0', '-1', '-1', '200', '1', '0', '0', '0', '0', '0', '0', '0', '0', '1', '0', '0', '0', '0', '0', '0', '0', '0', '0', '0', '0', '0', '0', '0', '0', '0', '0', '0', '0', '0', '0', '0', '0', '0', '0', '0', '0', '0', '0', '0', '0', '0', '0', '0', '0', '0', '0', '0', '0', '0', '458', '0', '0', '0', '-1', '0', '-1', '0', '0', '0', '0', '-1', '0', '-1', '0', '0', '0', '0', '-1', '0', '-1', '0', '0', '0', '0', '-1', '0', '-1', '0', '0', '0', '0', '-1', '0', '-1', '0', '|Ab Stufe 1 bereits Reiten', '0', '0', '0', '0', '0', '0', '0', '0', '0', '0', '0', '0', '0', '0', '0', '0', '0', '0', '0', '0', '0', '0', '0', '0', '-1', '0', '0', '0', '0', '', '0', '0', '0', '0', '0', '0');
REPLACE INTO `item_template` VALUES ('60144', '0', '0', '-1', 'Horn des grauen Wolfes', '13121', '5', '134217728', '0', '1', '55000000', '55000000', '0', '-1', '-1', '200', '1', '0', '0', '0', '0', '0', '0', '0', '0', '1', '0', '0', '0', '0', '0', '0', '0', '0', '0', '0', '0', '0', '0', '0', '0', '0', '0', '0', '0', '0', '0', '0', '0', '0', '0', '0', '0', '0', '0', '0', '0', '0', '0', '0', '0', '0', '0', '0', '0', '0', '459', '0', '0', '0', '-1', '0', '-1', '0', '0', '0', '0', '-1', '0', '-1', '0', '0', '0', '0', '-1', '0', '-1', '0', '0', '0', '0', '-1', '0', '-1', '0', '0', '0', '0', '-1', '0', '-1', '0', '|Ab Stufe 1 bereits Reiten', '0', '0', '0', '0', '0', '0', '0', '0', '0', '0', '0', '0', '0', '0', '0', '0', '0', '0', '0', '0', '0', '0', '0', '0', '-1', '0', '0', '0', '0', '', '0', '0', '0', '0', '0', '0');
REPLACE INTO `item_template` VALUES ('60004', '4', '0', '-1', 'Acherus Schlachtross', '49561', '3', '0', '0', '1', '110203', '20505', '12', '-1', '-1', '0', '0', '0', '0', '0', '0', '0', '0', '0', '0', '1', '0', '10', '0', '0', '0', '0', '0', '0', '0', '0', '0', '0', '0', '0', '0', '0', '0', '0', '0', '0', '0', '0', '0', '0', '0', '0', '0', '0', '0', '0', '0', '0', '0', '0', '0', '0', '0', '0', '0', '0', '0', '0', '0', '0', '0', '0', '0', '48778', '1', '0', '0', '0', '0', '0', '0', '0', '0', '0', '0', '0', '0', '0', '0', '0', '0', '0', '0', '0', '0', '0', '0', '0', '0', '0', '0', '1', '', '0', '0', '0', '0', '0', '3', '0', '0', '0', '0', '0', '0', '0', '0', '0', '0', '0', '0', '0', '0', '0', '0', '0', '0', '0', '0', '0', '0', '0', 'internalitemhanler', '0', '0', '0', '0', '0', '0');
REPLACE INTO `item_template` VALUES ('60005', '4', '0', '-1', 'Kriegsross der Argentumdämmerung', '13108', '3', '0', '0', '1', '110203', '20505', '12', '-1', '-1', '0', '0', '0', '0', '0', '0', '0', '0', '0', '0', '1', '0', '10', '0', '0', '0', '0', '0', '0', '0', '0', '0', '0', '0', '0', '0', '0', '0', '0', '0', '0', '0', '0', '0', '0', '0', '0', '0', '0', '0', '0', '0', '0', '0', '0', '0', '0', '0', '0', '0', '0', '0', '0', '0', '0', '0', '0', '0', '66907', '0', '0', '0', '0', '0', '0', '0', '0', '0', '0', '0', '0', '0', '0', '0', '0', '0', '0', '0', '0', '0', '0', '0', '0', '0', '0', '0', '1', '', '0', '0', '0', '0', '0', '3', '0', '0', '0', '0', '0', '0', '0', '0', '0', '0', '0', '0', '0', '0', '0', '0', '0', '0', '0', '0', '0', '0', '0', 'internalitemhanler', '0', '0', '0', '0', '0', '0');
REPLACE INTO `item_template` VALUES ('60001', '4', '0', '-1', 'Frosty', '6563', '3', '0', '0', '1', '15300', '2404', '11', '-1', '-1', '0', '0', '0', '0', '0', '0', '0', '0', '0', '0', '1', '0', '10', '1', '0', '1', '0', '1', '0', '1', '0', '1', '0', '1', '0', '1', '0', '1', '0', '1', '0', '1', '0', '0', '0', '0', '0', '0', '0', '0', '0', '0', '0', '0', '0', '0', '0', '0', '0', '0', '0', '0', '0', '0', '0', '0', '0', '0', '51960', '1', '0', '0', '0', '0', '0', '0', '0', '0', '0', '0', '0', '0', '0', '0', '0', '0', '0', '0', '0', '0', '0', '0', '0', '0', '0', '0', '1', 'Echt kalt', '0', '0', '0', '0', '0', '4', '0', '0', '0', '0', '0', '0', '0', '0', '0', '0', '0', '0', '0', '0', '0', '0', '0', '0', '0', '0', '0', '0', '0', 'internalitemhanler', '0', '0', '0', '0', '0', '0');
REPLACE INTO `item_template` VALUES ('60003', '4', '0', '-1', 'Horn', '36540', '3', '0', '0', '1', '110203', '20505', '12', '-1', '-1', '0', '0', '0', '0', '0', '0', '0', '0', '0', '0', '1', '0', '10', '0', '0', '0', '0', '0', '0', '0', '0', '0', '0', '0', '0', '0', '0', '0', '0', '0', '0', '0', '0', '0', '0', '0', '0', '0', '0', '0', '0', '0', '0', '0', '0', '0', '0', '0', '0', '0', '0', '0', '0', '0', '0', '0', '0', '0', '42929', '1', '0', '0', '0', '0', '0', '0', '0', '0', '0', '0', '0', '0', '0', '0', '0', '0', '0', '0', '0', '0', '0', '0', '0', '0', '0', '0', '0', 'Ruft einen Strider', '0', '0', '0', '0', '0', '3', '0', '0', '0', '0', '0', '0', '0', '0', '0', '0', '0', '0', '0', '0', '0', '0', '0', '0', '0', '0', '0', '0', '0', 'internalitemhanler', '0', '0', '0', '0', '0', '0');
REPLACE INTO `item_template` VALUES ('60002', '4', '0', '-1', 'Zügelrufer', '36540', '3', '0', '0', '1', '110203', '20505', '12', '-1', '-1', '0', '0', '0', '0', '0', '0', '0', '0', '0', '0', '1', '0', '10', '0', '0', '0', '0', '0', '0', '0', '0', '0', '0', '0', '0', '0', '0', '0', '0', '0', '0', '0', '0', '0', '0', '0', '0', '0', '0', '0', '0', '0', '0', '0', '0', '0', '0', '0', '0', '0', '0', '0', '0', '0', '0', '0', '0', '0', '46980', '1', '0', '0', '0', '0', '0', '0', '0', '0', '0', '0', '0', '0', '0', '0', '0', '0', '0', '0', '0', '0', '0', '0', '0', '0', '0', '0', '0', 'was once on a... (the rest is carved out)', '0', '0', '0', '0', '0', '3', '0', '0', '0', '0', '0', '0', '0', '0', '0', '0', '0', '0', '0', '0', '0', '0', '0', '0', '0', '0', '0', '0', '0', 'internalitemhanler', '0', '0', '0', '0', '0', '0');
REPLACE INTO `item_template` VALUES ('60006', '4', '0', '-1', 'The Aquatic', '21672', '5', '0', '0', '1', '20704', '5834', '2', '511', '-1', '289', '80', '0', '0', '0', '0', '0', '0', '0', '1', '1', '0', '10', '3', '6', '43', '6', '43', '5', '0', '0', '0', '0', '0', '0', '0', '0', '0', '0', '3', '5', '47', '3', '0', '0', '0', '0', '0', '0', '0', '0', '100', '0', '0', '0', '7', '0', '0', '0', '0', '0', '1066', '0', '0', '0', '20000', '1141', '10000', '0', '0', '0', '0', '0', '0', '0', '0', '0', '0', '0', '0', '0', '0', '0', '0', '0', '0', '0', '0', '0', '0', '0', '0', '0', '0', '0', '0', '1', 'When used you will feel like you don\'t need air no more.', '0', '0', '0', '0', '0', '3', '0', '0', '0', '100', '0', '0', '0', '0', '0', '0', '8', '0', '0', '0', '0', '0', '76', '0', '0', '0', '0', '0', '0', 'internalitemhanler', '0', '0', '0', '0', '0', '0');
REPLACE INTO `item_template` VALUES ('60007', '4', '0', '-1', 'The Chromatic', '35130', '6', '0', '0', '1', '20704', '10303', '12', '-1', '-1', '0', '0', '0', '0', '0', '0', '0', '0', '0', '0', '1', '0', '10', '0', '0', '0', '0', '0', '0', '0', '0', '0', '0', '0', '0', '0', '0', '0', '0', '0', '0', '0', '0', '0', '0', '0', '0', '0', '0', '0', '0', '0', '0', '0', '0', '0', '0', '0', '0', '0', '0', '24576', '1', '0', '0', '0', '0', '0', '64971', '1', '0', '0', '0', '0', '0', '0', '0', '0', '0', '0', '0', '0', '0', '0', '0', '0', '0', '0', '0', '0', '0', '0', '0', '0', '0', '0', '1', 'May shock you when Equiped', '0', '0', '0', '0', '0', '3', '0', '0', '0', '0', '0', '0', '0', '0', '0', '0', '8', '0', '0', '0', '0', '0', '75', '0', '0', '0', '0', '0', '0', 'internalitemhanler', '0', '0', '0', '0', '0', '0');
REPLACE INTO `item_template` VALUES ('60008', '2', '10', '-1', 'Schwarzeis Stab der Weisheit', '50889', '3', '0', '0', '1', '240406', '120204', '17', '1424', '-1', '0', '80', '0', '0', '0', '0', '0', '0', '0', '0', '1', '0', '10', '48', '106', '38', '738', '45', '537', '32', '54', '1', '99', '0', '0', '0', '0', '0', '0', '0', '0', '0', '0', '0', '0', '105', '1075', '4', '704', '7593', '3', '100', '8', '86', '1', '94', '6', '1', '57', '0', '0', '29155', '2', '0', '0', '0', '0', '0', '18060', '1', '0', '0', '0', '0', '0', '35844', '1', '0', '0', '0', '0', '0', '7599', '1', '0', '0', '0', '0', '0', '9336', '1', '0', '0', '0', '0', '0', '0', '', '0', '0', '0', '0', '0', '1', '1', '0', '0', '100', '0', '285', '0', '0', '0', '0', '8', '0', '4', '0', '1', '0', '0', '0', '0', '0', '0', '0', '0', 'internalitemhanler', '0', '0', '0', '0', '0', '0');
REPLACE INTO `item_template` VALUES ('60009', '2', '7', '-1', 'Brennender Broom', '37524', '2', '0', '0', '1', '240704', '30606', '13', '-1', '-1', '6', '1', '0', '0', '0', '0', '0', '0', '0', '0', '1', '0', '10', '1', '5', '1', '1', '0', '0', '1', '1', '0', '0', '0', '0', '0', '0', '0', '0', '0', '0', '1', '1', '0', '0', '3', '17', '0', '5', '36', '2', '100', '1', '4', '0', '0', '0', '0', '35', '0', '0', '17713', '1', '0', '0', '0', '0', '0', '24585', '2', '0', '0', '0', '0', '0', '14056', '1', '0', '0', '0', '0', '0', '35898', '1', '0', '0', '0', '0', '0', '0', '0', '0', '0', '0', '0', '0', '0', '', '0', '0', '0', '0', '0', '1', '3', '0', '0', '100', '0', '65', '0', '0', '0', '0', '2', '0', '2', '0', '2', '0', '3302', '0', '0', '0', '0', '0', '0', 'internalitemhanler', '0', '0', '0', '0', '0', '0');
REPLACE INTO `item_template` VALUES ('60010', '2', '2', '-1', 'Brutaler Vernichtungsbogen der Menschenfresser', '51909', '4', '0', '0', '1', '2557342', '546365', '15', '-1', '-1', '145', '68', '0', '0', '0', '0', '0', '0', '0', '0', '1', '0', '10', '1', '5', '5', '17', '41', '4', '45', '17', '46', '7', '35', '3', '38', '7', '15', '21', '14', '3', '47', '1', '0', '0', '980', '6486', '0', '654', '5748', '4', '100', '0', '46', '0', '62', '0', '0', '35', '0', '100', '17713', '1', '0', '0', '0', '0', '0', '24585', '2', '0', '0', '0', '0', '0', '14056', '1', '0', '0', '0', '0', '0', '35898', '1', '0', '0', '0', '0', '0', '0', '0', '0', '0', '0', '0', '0', '0', 'Ein Bogen aus gespannten Scheidenhaar der Hure Melanie Mösenkopf', '0', '0', '0', '0', '0', '1', '0', '0', '0', '100', '0', '78', '0', '0', '0', '0', '8', '0', '8', '0', '1', '0', '3303', '0', '0', '0', '0', '0', '0', 'internalitemhanler', '0', '0', '0', '0', '0', '0');
REPLACE INTO `item_template` VALUES ('60011', '2', '5', '-1', 'Deadly Gladiator Mace Demonic', '56952', '4', '0', '0', '1', '575467', '150343', '17', '-1', '-1', '213', '80', '0', '0', '0', '0', '0', '0', '0', '0', '1', '0', '10', '48', '667', '38', '648', '45', '753', '32', '685', '0', '0', '0', '0', '0', '0', '0', '0', '0', '0', '0', '0', '0', '0', '509', '7095', '2', '468', '7498', '3', '100', '9', '45', '64', '4', '2', '6', '178', '0', '0', '34107', '2', '0', '0', '0', '0', '0', '14049', '1', '0', '0', '0', '0', '0', '7600', '1', '0', '0', '0', '0', '0', '35896', '1', '0', '0', '0', '0', '0', '34696', '2', '0', '0', '0', '0', '0', '1', '', '0', '0', '0', '0', '0', '1', '1', '0', '0', '100', '0', '5', '0', '0', '0', '0', '8', '0', '2', '0', '1', '0', '104', '0', '0', '0', '0', '0', '0', 'internalitemhanler', '0', '0', '0', '0', '0', '0');
REPLACE INTO `item_template` VALUES ('60012', '2', '6', '-1', 'Sense des Todes', '48076', '3', '0', '0', '1', '80406', '30802', '17', '37', '-1', '0', '32', '0', '0', '0', '0', '0', '0', '0', '0', '1', '0', '10', '48', '106', '38', '738', '45', '537', '32', '54', '1', '77', '0', '0', '0', '0', '0', '0', '0', '0', '0', '0', '0', '0', '105', '1075', '2', '704', '7593', '5', '100', '8', '86', '1', '4', '57', '1', '57', '0', '0', '29155', '2', '0', '0', '0', '0', '0', '0', '0', '0', '0', '0', '0', '0', '35844', '1', '0', '0', '0', '0', '0', '0', '0', '0', '0', '0', '0', '0', '9336', '1', '0', '0', '0', '0', '0', '0', '', '0', '0', '0', '0', '0', '1', '1', '0', '0', '100', '0', '164', '0', '0', '0', '0', '8', '0', '4', '0', '1', '0', '0', '0', '0', '0', '0', '0', '0', 'internalitemhanler', '0', '0', '0', '0', '0', '0');
REPLACE INTO `item_template` VALUES ('60013', '2', '4', '-1', 'Ingeneursknüppel', '30393', '1', '0', '0', '1', '575467', '150343', '13', '-1', '-1', '24', '58', '0', '0', '0', '0', '0', '0', '0', '0', '1', '0', '10', '48', '66', '38', '64', '45', '75', '32', '68', '0', '0', '0', '0', '0', '0', '0', '0', '0', '0', '0', '0', '0', '0', '124', '483', '5', '0', '0', '3', '100', '9', '45', '7', '4', '2', '6', '143', '0', '0', '9405', '1', '0', '0', '0', '0', '0', '16414', '2', '0', '0', '0', '0', '0', '7598', '1', '0', '0', '0', '0', '0', '35896', '1', '0', '0', '0', '0', '0', '34696', '2', '0', '0', '0', '0', '0', '1', '', '0', '0', '0', '0', '0', '1', '3', '0', '0', '100', '0', '57', '0', '0', '0', '0', '0', '0', '0', '0', '0', '0', '3312', '0', '0', '0', '0', '0', '0', 'internalitemhanler', '0', '0', '0', '0', '0', '0');
REPLACE INTO `item_template` VALUES ('60014', '2', '7', '-1', 'Frying Pan', '28864', '3', '0', '0', '1', '6', '4', '21', '-1', '-1', '5', '0', '0', '0', '0', '0', '0', '0', '0', '0', '1', '0', '10', '0', '0', '0', '0', '0', '0', '0', '0', '0', '0', '0', '0', '0', '0', '0', '0', '0', '0', '0', '0', '0', '0', '1', '8', '4', '0', '0', '3', '100', '0', '0', '0', '0', '0', '0', '10', '0', '0', '0', '0', '0', '0', '0', '0', '0', '0', '0', '0', '0', '0', '0', '0', '0', '0', '0', '0', '0', '0', '0', '0', '0', '0', '0', '0', '0', '0', '0', '0', '0', '0', '0', '0', '0', '0', '', '0', '0', '0', '0', '0', '1', '3', '0', '0', '100', '0', '5', '0', '0', '0', '0', '0', '0', '0', '0', '0', '0', '0', '0', '0', '0', '0', '0', '0', 'internalitemhanler', '0', '0', '0', '0', '0', '0');
REPLACE INTO `item_template` VALUES ('60015', '2', '7', '-1', 'The Swine Flu Poker', '6555', '5', '0', '0', '1', '0', '0', '13', '-1', '-1', '0', '0', '0', '0', '0', '0', '0', '0', '0', '0', '1', '0', '10', '4', '-76', '6', '-57', '1', '0', '1', '0', '1', '0', '1', '0', '1', '0', '1', '0', '1', '0', '1', '0', '0', '0', '265', '315', '0', '0', '0', '0', '0', '0', '0', '0', '0', '0', '0', '1600', '0', '0', '50303', '1', '0', '0', '0', '0', '0', '41290', '1', '0', '0', '0', '0', '0', '0', '0', '0', '0', '0', '0', '0', '0', '0', '0', '0', '0', '0', '0', '0', '0', '0', '0', '0', '0', '0', '1', 'What an outbreak of The Swine Flu. Quickly use this poker to apply the oinkment!', '0', '0', '0', '0', '0', '1', '3', '0', '0', '0', '0', '0', '0', '0', '0', '0', '0', '0', '0', '0', '0', '0', '0', '0', '0', '0', '0', '0', '0', 'internalitemhanler', '0', '0', '0', '0', '0', '0');
REPLACE INTO `item_template` VALUES ('60016', '2', '7', '-1', 'Die Kriegsgleven', '45479', '4', '0', '0', '1', '3647375', '240504', '21', '41', '-1', '255', '80', '0', '0', '0', '0', '0', '1015', '7', '1', '1', '0', '10', '31', '21', '0', '0', '0', '0', '0', '0', '0', '0', '0', '0', '0', '0', '0', '0', '0', '0', '0', '0', '0', '0', '1375', '4046', '5', '2463', '4046', '0', '675', '0', '75', '0', '0', '53', '1', '267', '0', '0', '50247', '0', '0', '0', '30645', '1141', '24564', '59672', '1', '0', '0', '0', '0', '0', '1122', '2', '0', '0', '0', '0', '0', '59672', '2', '0', '0', '0', '0', '0', '0', '0', '0', '0', '0', '0', '0', '1', 'WARNING: When Equiped you will burn!', '0', '0', '0', '0', '0', '1', '3', '0', '0', '133', '0', '1577', '0', '0', '0', '0', '2', '0', '1', '0', '2', '0', '3351', '0', '0', '0', '0', '0', '0', 'internalitemhanler', '0', '0', '0', '0', '0', '0');
REPLACE INTO `item_template` VALUES ('60019', '0', '4', '-1', 'Rolle: Schlachtross von Acherus', '3331', '1', '0', '0', '1', '500', '125', '0', '-1', '-1', '60', '1', '0', '0', '0', '0', '0', '0', '0', '0', '200', '0', '0', '0', '0', '0', '0', '0', '0', '0', '0', '0', '0', '0', '0', '0', '0', '0', '0', '0', '0', '0', '0', '0', '0', '0', '0', '0', '0', '0', '0', '0', '0', '0', '0', '0', '0', '0', '0', '0', '0', '48778', '0', '-1', '-1', '1000', '0', '-1', '0', '0', '0', '0', '-1', '0', '-1', '0', '0', '0', '0', '-1', '0', '-1', '0', '0', '0', '0', '-1', '0', '-1', '0', '0', '0', '0', '-1', '0', '-1', '0', '', '0', '0', '0', '0', '0', '7', '0', '0', '0', '0', '0', '0', '0', '0', '16', '0', '0', '0', '0', '0', '0', '0', '0', '0', '-1', '0', '0', '0', '0', '', '0', '0', '0', '0', '0', '12340');
REPLACE INTO `item_template` VALUES ('60017', '0', '7', '-1', 'Der Heiler', '8117', '6', '0', '0', '1', '0', '0', '0', '-1', '-1', '285', '0', '129', '450', '0', '0', '0', '0', '0', '1000', '1000', '0', '10', '0', '0', '0', '0', '0', '0', '0', '0', '0', '0', '0', '0', '0', '0', '0', '0', '0', '0', '0', '0', '0', '0', '0', '0', '0', '0', '0', '0', '0', '0', '0', '0', '0', '0', '0', '0', '0', '0', '45544', '0', '0', '0', '8000', '1141', '0', '0', '0', '0', '0', '0', '0', '0', '0', '0', '0', '0', '0', '0', '0', '0', '0', '0', '0', '0', '0', '0', '0', '0', '0', '0', '0', '0', '0', '0', 'When used, your health will zoom!', '0', '0', '0', '0', '0', '-1', '0', '0', '0', '0', '0', '0', '0', '0', '0', '0', '0', '0', '0', '0', '0', '0', '0', '0', '0', '0', '0', '0', '0', 'internalitemhanler', '0', '0', '0', '0', '0', '0');
REPLACE INTO `item_template` VALUES ('60018', '4', '0', '-1', 'The Atomic', '49636', '2', '0', '0', '1', '0', '0', '11', '-1', '-1', '0', '0', '0', '0', '0', '0', '0', '0', '0', '1', '1', '0', '10', '1', '0', '1', '0', '1', '0', '1', '0', '1', '0', '1', '0', '1', '0', '1', '0', '1', '0', '1', '0', '0', '0', '0', '0', '0', '0', '0', '0', '0', '0', '0', '0', '0', '0', '0', '0', '0', '0', '11009', '1', '0', '0', '0', '0', '0', '89491', '1', '0', '0', '0', '0', '0', '67468', '1', '0', '0', '0', '0', '0', '58496', '1', '0', '0', '0', '0', '0', '0', '0', '0', '0', '0', '0', '0', '1', 'WARNING: Don\'t Drink!', '0', '0', '0', '0', '0', '4', '0', '0', '0', '100', '0', '0', '0', '0', '0', '0', '0', '0', '0', '0', '0', '0', '0', '0', '0', '0', '0', '0', '0', 'internalitemhanler', '0', '0', '0', '0', '0', '0');
REPLACE INTO `item_template` VALUES ('60020', '0', '4', '-1', 'Rolle: Umarmung der Schlange', '3331', '1', '0', '0', '1', '500', '125', '0', '-1', '-1', '60', '1', '0', '0', '0', '0', '0', '0', '0', '0', '20', '0', '0', '0', '0', '0', '0', '0', '0', '0', '0', '0', '0', '0', '0', '0', '0', '0', '0', '0', '0', '0', '0', '0', '0', '0', '0', '0', '0', '0', '0', '0', '0', '0', '0', '0', '0', '0', '0', '0', '0', '30430', '0', '-1', '-1', '1000', '0', '-1', '0', '0', '0', '0', '-1', '0', '-1', '0', '0', '0', '0', '-1', '0', '-1', '0', '0', '0', '0', '-1', '0', '-1', '0', '0', '0', '0', '-1', '0', '-1', '0', 'Das Schwimmtempo ist um 150% erhöht.', '0', '0', '0', '0', '0', '7', '0', '0', '0', '0', '0', '0', '0', '0', '16', '0', '0', '0', '0', '0', '0', '0', '0', '0', '-1', '0', '0', '0', '0', '', '0', '0', '0', '0', '0', '12340');
REPLACE INTO `item_template` VALUES ('60021', '0', '4', '-1', 'Rolle: Schatten des Waldes', '3331', '1', '0', '0', '1', '500', '125', '0', '-1', '-1', '60', '1', '0', '0', '0', '0', '0', '0', '0', '0', '20', '0', '0', '0', '0', '0', '0', '0', '0', '0', '0', '0', '0', '0', '0', '0', '0', '0', '0', '0', '0', '0', '0', '0', '0', '0', '0', '0', '0', '0', '0', '0', '0', '0', '0', '0', '0', '0', '0', '0', '0', '30448', '0', '-1', '-1', '1000', '0', '-1', '0', '0', '0', '0', '-1', '0', '-1', '0', '0', '0', '0', '-1', '0', '-1', '0', '0', '0', '0', '-1', '0', '-1', '0', '0', '0', '0', '-1', '0', '-1', '0', 'Verwandelt Euch für 3 Min in eine Katze der Schattenwelt. Das Bewegungstempo ist um 150% erhöht.', '0', '0', '0', '0', '0', '7', '0', '0', '0', '0', '0', '0', '0', '0', '16', '0', '0', '0', '0', '0', '0', '0', '0', '0', '-1', '0', '0', '0', '0', '', '0', '0', '0', '0', '0', '12340');
REPLACE INTO `item_template` VALUES ('60022', '4', '3', '-1', 'Stahlplattenhelm der Nordmänner', '46449', '4', '0', '0', '1', '240000', '120000', '1', '-1', '-1', '0', '10', '0', '0', '0', '0', '0', '0', '0', '1', '1', '0', '4', '1', '489', '3', '255', '32', '156', '38', '544', '0', '0', '0', '0', '0', '0', '0', '0', '0', '0', '0', '0', '0', '0', '0', '0', '0', '0', '0', '0', '865', '0', '0', '0', '0', '0', '0', '0', '0', '0', '0', '0', '0', '0', '-1', '0', '-1', '0', '0', '0', '0', '-1', '0', '-1', '0', '0', '0', '0', '-1', '0', '-1', '0', '0', '0', '0', '-1', '0', '-1', '0', '0', '0', '0', '-1', '0', '-1', '2', 'Unverzichtbar in der Schlacht', '0', '0', '0', '0', '0', '5', '0', '0', '0', '243', '0', '200', '0', '0', '0', '0', '2', '2', '8', '1', '0', '0', '3877', '0', '-1', '0', '0', '0', '0', '', '0', '0', '0', '0', '0', '0');
REPLACE INTO `item_template` VALUES ('60023', '6', '2', '-1', 'Runenpfeil', '64928', '4', '0', '0', '1', '21500', '21200', '24', '-1', '-1', '80', '20', '0', '0', '0', '0', '0', '0', '0', '0', '1000', '0', '0', '0', '0', '0', '0', '0', '0', '0', '0', '0', '0', '0', '0', '0', '0', '0', '0', '0', '0', '0', '0', '0', '0', '130', '225', '0', '0', '0', '0', '0', '0', '0', '0', '0', '0', '0', '0', '0', '0', '0', '0', '0', '0', '-1', '0', '-1', '0', '0', '0', '0', '-1', '0', '-1', '0', '0', '0', '0', '-1', '0', '-1', '0', '0', '0', '0', '-1', '0', '-1', '0', '0', '0', '0', '-1', '0', '-1', '0', 'Unheimlich Scharf!', '0', '0', '0', '0', '0', '0', '0', '0', '0', '0', '0', '0', '0', '0', '0', '0', '1', '0', '0', '0', '0', '0', '0', '0', '-1', '0', '0', '0', '0', '', '0', '0', '0', '0', '0', '0');
REPLACE INTO `item_template` VALUES ('60024', '2', '1', '-1', 'Teutonische Kriegsaxt', '19242', '4', '0', '0', '1', '1550000', '1450000', '17', '-1', '-1', '0', '90', '0', '0', '0', '0', '0', '0', '0', '1', '0', '0', '2', '32', '355', '38', '445', '0', '0', '0', '0', '0', '0', '0', '0', '0', '0', '0', '0', '0', '0', '0', '0', '0', '0', '1433', '2945', '0', '0', '0', '0', '0', '0', '0', '0', '0', '0', '0', '2500', '0', '0', '0', '0', '0', '0', '-1', '0', '-1', '0', '0', '0', '0', '-1', '0', '-1', '0', '0', '0', '0', '-1', '0', '-1', '0', '0', '0', '0', '-1', '0', '-1', '0', '0', '0', '0', '-1', '0', '-1', '2', 'Eine grauenhafte Waffe!', '0', '0', '0', '0', '0', '0', '1', '0', '0', '0', '0', '200', '0', '0', '0', '0', '2', '2', '8', '1', '0', '0', '2787', '0', '-1', '0', '0', '0', '0', '', '0', '0', '0', '0', '0', '0');
REPLACE INTO `item_template` VALUES ('60025', '4', '2', '-1', 'Teutonische Lederweste', '9123', '4', '0', '0', '1', '1550000', '1450000', '5', '-1', '-1', '0', '90', '0', '0', '0', '0', '0', '0', '0', '1', '0', '0', '2', '32', '355', '38', '445', '0', '0', '0', '0', '0', '0', '0', '0', '0', '0', '0', '0', '0', '0', '0', '0', '0', '0', '0', '0', '0', '0', '0', '0', '1645', '0', '0', '0', '0', '0', '0', '2500', '0', '0', '0', '0', '0', '0', '-1', '0', '-1', '0', '0', '0', '0', '-1', '0', '-1', '0', '0', '0', '0', '-1', '0', '-1', '0', '0', '0', '0', '-1', '0', '-1', '0', '0', '0', '0', '-1', '0', '-1', '2', '', '0', '0', '0', '0', '0', '8', '0', '0', '0', '0', '0', '200', '0', '0', '0', '0', '2', '2', '8', '1', '0', '0', '3877', '0', '-1', '0', '0', '0', '0', '', '0', '0', '0', '0', '0', '0');
REPLACE INTO `item_template` VALUES ('60026', '4', '4', '-1', 'Titan Schulterplatten des Volkssturms', '49725', '4', '0', '0', '1', '0', '0', '3', '-1', '-1', '0', '40', '0', '0', '0', '0', '0', '0', '0', '0', '0', '0', '4', '4', '35', '3', '55', '32', '75', '31', '45', '0', '0', '0', '0', '0', '0', '0', '0', '0', '0', '0', '0', '0', '0', '0', '0', '0', '0', '0', '0', '1255', '0', '0', '0', '0', '0', '0', '0', '0', '0', '0', '0', '0', '0', '-1', '0', '-1', '0', '0', '0', '0', '-1', '0', '-1', '0', '0', '0', '0', '-1', '0', '-1', '0', '0', '0', '0', '-1', '0', '-1', '0', '0', '0', '0', '-1', '0', '-1', '2', 'Verteidige dein Land!', '0', '0', '0', '0', '0', '6', '0', '0', '0', '0', '0', '200', '0', '0', '0', '0', '1', '0', '0', '0', '0', '0', '0', '0', '-1', '0', '0', '0', '0', '', '0', '0', '0', '0', '0', '0');
REPLACE INTO `item_template` VALUES ('60027', '2', '7', '-1', 'Teutonische Kriegsklinge des Blutes', '1930', '4', '0', '0', '1', '450000', '120000', '13', '-1', '-1', '0', '40', '0', '0', '0', '0', '0', '0', '0', '0', '0', '0', '4', '4', '35', '3', '25', '32', '55', '31', '65', '0', '0', '0', '0', '0', '0', '0', '0', '0', '0', '0', '0', '0', '0', '110', '190', '0', '0', '0', '0', '1255', '0', '0', '0', '0', '0', '0', '1900', '0', '0', '0', '0', '0', '0', '-1', '0', '-1', '0', '0', '0', '0', '-1', '0', '-1', '0', '0', '0', '0', '-1', '0', '-1', '0', '0', '0', '0', '-1', '0', '-1', '0', '0', '0', '0', '-1', '0', '-1', '2', 'Verteidige dein Land!', '0', '0', '0', '0', '0', '0', '1', '0', '0', '0', '0', '200', '0', '0', '0', '0', '2', '2', '4', '1', '0', '0', '3877', '0', '-1', '0', '0', '0', '0', '', '0', '0', '0', '0', '0', '0');
REPLACE INTO `item_template` VALUES ('60028', '2', '7', '-1', 'Kriegsklinge des Erbarmungslosen', '20225', '4', '0', '0', '1', '2550000', '120000', '13', '-1', '-1', '0', '95', '0', '0', '0', '0', '0', '0', '0', '0', '0', '0', '4', '4', '235', '3', '377', '32', '455', '19', '366', '0', '0', '0', '0', '0', '0', '0', '0', '0', '0', '0', '0', '0', '0', '1477', '2455', '0', '0', '0', '0', '0', '0', '0', '0', '0', '0', '0', '1800', '0', '0', '0', '0', '0', '0', '-1', '0', '-1', '0', '0', '0', '0', '-1', '0', '-1', '0', '0', '0', '0', '-1', '0', '-1', '0', '0', '0', '0', '-1', '0', '-1', '0', '0', '0', '0', '-1', '0', '-1', '2', 'Ein Hauch von Misanthropie', '0', '0', '0', '0', '0', '0', '0', '0', '0', '0', '0', '500', '0', '0', '0', '0', '2', '2', '8', '1', '0', '0', '2787', '0', '-1', '0', '0', '0', '0', '', '0', '0', '0', '0', '0', '0');
REPLACE INTO `item_template` VALUES ('60029', '2', '2', '-1', 'Arischer Langbogen der Treue', '28801', '4', '0', '0', '1', '5440000', '1220000', '15', '-1', '-1', '0', '95', '0', '0', '0', '0', '0', '0', '0', '0', '0', '0', '4', '17', '355', '32', '423', '20', '255', '29', '455', '0', '0', '0', '0', '0', '0', '0', '0', '0', '0', '0', '0', '0', '0', '1740', '2570', '0', '0', '0', '0', '0', '0', '0', '0', '0', '0', '0', '1400', '0', '0', '0', '0', '0', '0', '-1', '0', '-1', '0', '0', '0', '0', '-1', '0', '-1', '0', '0', '0', '0', '-1', '0', '-1', '0', '0', '0', '0', '-1', '0', '-1', '0', '0', '0', '0', '-1', '0', '-1', '2', 'Keep It White', '0', '0', '0', '0', '0', '0', '0', '0', '0', '0', '0', '300', '0', '0', '0', '0', '8', '1', '2', '1', '4', '1', '3303', '0', '-1', '0', '0', '0', '0', '', '0', '0', '0', '0', '0', '0');
REPLACE INTO `item_template` VALUES ('60030', '6', '2', '-1', 'Geschärfter Runenpfeil', '64928', '4', '0', '0', '1', '41500', '41200', '24', '-1', '-1', '90', '45', '0', '0', '0', '0', '0', '0', '0', '0', '1000', '0', '0', '0', '0', '0', '0', '0', '0', '0', '0', '0', '0', '0', '0', '0', '0', '0', '0', '0', '0', '0', '0', '0', '0', '225', '455', '0', '0', '0', '0', '0', '0', '0', '0', '0', '0', '0', '0', '0', '0', '0', '0', '0', '0', '-1', '0', '-1', '0', '0', '0', '0', '-1', '0', '-1', '0', '0', '0', '0', '-1', '0', '-1', '0', '0', '0', '0', '-1', '0', '-1', '0', '0', '0', '0', '-1', '0', '-1', '0', 'Unheimlich Scharf!', '0', '0', '0', '0', '0', '0', '0', '0', '0', '0', '0', '0', '0', '0', '0', '0', '1', '0', '0', '0', '0', '0', '0', '0', '-1', '0', '0', '0', '0', '', '0', '0', '0', '0', '0', '0');
REPLACE INTO `item_template` VALUES ('60031', '6', '2', '-1', 'Geschmiedeter Runenstahlpfeil', '64928', '4', '0', '0', '1', '72500', '52200', '24', '-1', '-1', '95', '65', '0', '0', '0', '0', '0', '0', '0', '0', '1000', '0', '0', '0', '0', '0', '0', '0', '0', '0', '0', '0', '0', '0', '0', '0', '0', '0', '0', '0', '0', '0', '0', '0', '0', '425', '655', '0', '0', '0', '0', '0', '0', '0', '0', '0', '0', '0', '0', '0', '0', '0', '0', '0', '0', '-1', '0', '-1', '0', '0', '0', '0', '-1', '0', '-1', '0', '0', '0', '0', '-1', '0', '-1', '0', '0', '0', '0', '-1', '0', '-1', '0', '0', '0', '0', '-1', '0', '-1', '0', 'Unheimlich Scharf!', '0', '0', '0', '0', '0', '0', '0', '0', '0', '0', '0', '0', '0', '0', '0', '0', '1', '0', '0', '0', '0', '0', '0', '0', '-1', '0', '0', '0', '0', '', '0', '0', '0', '0', '0', '0');
REPLACE INTO `item_template` VALUES ('60033', '2', '7', '-1', 'Heiliger Zionschlächter der Vergeltung', '31866', '4', '0', '0', '1', '850000', '640000', '13', '-1', '-1', '0', '100', '0', '0', '0', '0', '0', '0', '0', '2', '0', '0', '4', '28', '250', '3', '325', '4', '475', '32', '567', '0', '0', '0', '0', '0', '0', '0', '0', '0', '0', '0', '0', '0', '0', '2944', '4746', '1', '0', '0', '0', '0', '0', '0', '0', '0', '0', '0', '1650', '0', '0', '0', '0', '0', '0', '-1', '0', '-1', '0', '0', '0', '0', '-1', '0', '-1', '0', '0', '0', '0', '-1', '0', '-1', '0', '0', '0', '0', '-1', '0', '-1', '0', '0', '0', '0', '-1', '0', '-1', '2', 'Mächtige Waffe der Eisriesen', '0', '0', '0', '0', '0', '0', '0', '0', '0', '0', '0', '300', '0', '0', '0', '0', '8', '1', '2', '1', '4', '1', '2787', '0', '-1', '0', '0', '0', '0', '', '0', '0', '0', '0', '0', '0');
REPLACE INTO `item_template` VALUES ('60032', '2', '8', '-1', 'Rostige Jotunheim-Frostklinge', '43638', '4', '0', '0', '1', '450000', '340000', '17', '-1', '-1', '0', '100', '0', '0', '0', '0', '0', '0', '0', '1', '0', '0', '4', '1', '2500', '3', '375', '4', '425', '32', '465', '0', '0', '0', '0', '0', '0', '0', '0', '0', '0', '0', '0', '0', '0', '2644', '4146', '4', '0', '0', '0', '0', '0', '0', '0', '0', '0', '0', '2000', '0', '0', '0', '0', '0', '0', '-1', '0', '-1', '0', '0', '0', '0', '-1', '0', '-1', '0', '0', '0', '0', '-1', '0', '-1', '0', '0', '0', '0', '-1', '0', '-1', '0', '0', '0', '0', '-1', '0', '-1', '2', 'Mächtige Waffe der Eisriesen', '0', '0', '0', '0', '0', '0', '0', '0', '0', '0', '0', '300', '0', '0', '0', '0', '2', '1', '8', '1', '4', '1', '2787', '0', '-1', '0', '0', '0', '0', '', '0', '0', '0', '0', '0', '0');
REPLACE INTO `item_template` VALUES ('60034', '4', '4', '-1', 'Titanhelm der Reconquista', '49510', '4', '0', '0', '1', '550000', '120000', '1', '-1', '-1', '0', '65', '0', '0', '0', '0', '0', '0', '0', '0', '0', '0', '4', '4', '775', '3', '445', '32', '375', '31', '555', '0', '0', '0', '0', '0', '0', '0', '0', '0', '0', '0', '0', '0', '0', '0', '0', '0', '0', '0', '0', '2570', '0', '0', '0', '0', '0', '0', '0', '0', '0', '0', '0', '0', '0', '-1', '0', '-1', '0', '0', '0', '0', '-1', '0', '-1', '0', '0', '0', '0', '-1', '0', '-1', '0', '0', '0', '0', '-1', '0', '-1', '0', '0', '0', '0', '-1', '0', '-1', '1', 'Defend your Homeland!', '0', '0', '0', '0', '0', '6', '0', '0', '0', '1460', '0', '300', '0', '0', '0', '0', '2', '2', '8', '2', '0', '0', '3877', '0', '-1', '0', '0', '0', '0', '', '0', '0', '0', '0', '0', '0');
REPLACE INTO `item_template` VALUES ('60035', '2', '20', '-1', 'Sagenhafte Angelrute der Nordmeere', '20619', '3', '0', '0', '1', '1550000', '561234', '17', '-1', '-1', '0', '45', '0', '0', '0', '0', '0', '0', '0', '0', '0', '0', '3', '38', '255', '30', '145', '45', '225', '0', '0', '0', '0', '0', '0', '0', '0', '0', '0', '0', '0', '0', '0', '0', '0', '1455', '1956', '3', '0', '0', '0', '0', '0', '0', '0', '0', '0', '0', '2200', '0', '0', '0', '0', '0', '0', '-1', '0', '-1', '0', '0', '0', '0', '-1', '0', '-1', '0', '0', '0', '0', '-1', '0', '-1', '0', '0', '0', '0', '-1', '0', '-1', '0', '0', '0', '0', '-1', '0', '-1', '2', 'Riecht eigenartig nach Fisch!', '0', '0', '0', '0', '0', '0', '0', '0', '0', '0', '0', '500', '0', '0', '0', '0', '2', '2', '8', '1', '4', '1', '2864', '0', '-1', '0', '0', '0', '0', '', '0', '0', '0', '0', '0', '0');
REPLACE INTO `item_template` VALUES ('60036', '3', '4', '-1', 'Rolle der Fischgestalt', '3331', '1', '0', '0', '1', '500', '125', '0', '-1', '-1', '60', '1', '0', '0', '0', '0', '0', '0', '0', '0', '20', '0', '0', '0', '0', '0', '0', '0', '0', '0', '0', '0', '0', '0', '0', '0', '0', '0', '0', '0', '0', '0', '0', '0', '0', '0', '0', '0', '0', '0', '0', '0', '0', '0', '0', '0', '0', '0', '0', '0', '0', '24347', '0', '-1', '-1', '1000', '0', '-1', '0', '0', '0', '0', '-1', '0', '-1', '0', '0', '0', '0', '-1', '0', '-1', '0', '0', '0', '0', '-1', '0', '-1', '0', '0', '0', '0', '-1', '0', '-1', '0', 'Werdet zu einem Fisch, Unterwasser Atmung und Bewegungstempo sind erhöht.', '0', '0', '0', '0', '0', '7', '0', '0', '0', '0', '0', '0', '0', '0', '16', '0', '0', '0', '0', '0', '0', '0', '0', '0', '-1', '0', '0', '0', '0', '', '0', '0', '0', '0', '0', '12340');
REPLACE INTO `item_template` VALUES ('60037', '13', '0', '-1', 'Runenstein der Gilde', '33970', '4', '0', '0', '1', '0', '0', '0', '-1', '-1', '0', '0', '0', '0', '0', '0', '0', '0', '0', '1', '1', '0', '0', '0', '0', '0', '0', '0', '0', '0', '0', '0', '0', '0', '0', '0', '0', '0', '0', '0', '0', '0', '0', '0', '0', '0', '0', '0', '0', '0', '0', '0', '0', '0', '0', '0', '0', '0', '0', '0', '0', '0', '0', '0', '0', '-1', '0', '-1', '0', '0', '0', '0', '-1', '0', '-1', '0', '0', '0', '0', '-1', '0', '-1', '0', '0', '0', '0', '-1', '0', '-1', '0', '0', '0', '0', '-1', '0', '-1', '0', 'Bringt Euch zu dem Anwesen Eurer Gilde', '0', '0', '0', '0', '0', '0', '0', '0', '0', '0', '0', '0', '0', '0', '0', '0', '1', '0', '0', '0', '0', '0', '0', '0', '-1', '0', '0', '0', '0', 'SmartAI', '0', '0', '0', '0', '0', '0');
REPLACE INTO `item_template` VALUES ('60038', '0', '4', '-1', 'Rolle: Geisterwolf', '3331', '1', '0', '0', '1', '500', '125', '0', '-1', '-1', '60', '1', '0', '0', '0', '0', '0', '0', '0', '0', '200', '0', '0', '0', '0', '0', '0', '0', '0', '0', '0', '0', '0', '0', '0', '0', '0', '0', '0', '0', '0', '0', '0', '0', '0', '0', '0', '0', '0', '0', '0', '0', '0', '0', '0', '0', '0', '0', '0', '0', '0', '2645', '0', '-1', '-1', '1000', '0', '-1', '0', '0', '0', '0', '-1', '0', '-1', '0', '0', '0', '0', '-1', '0', '-1', '0', '0', '0', '0', '-1', '0', '-1', '0', '0', '0', '0', '-1', '0', '-1', '0', 'Verwandelt Euch in einen Geisterwolf.', '0', '0', '0', '0', '0', '7', '0', '0', '0', '0', '0', '0', '0', '0', '16', '0', '0', '0', '0', '0', '0', '0', '0', '0', '-1', '0', '0', '0', '0', '', '0', '0', '0', '0', '0', '12340');
REPLACE INTO `item_template` VALUES ('60039', '0', '4', '-1', 'Rolle: Reisegestalt', '3331', '1', '0', '0', '1', '500', '125', '0', '-1', '-1', '60', '1', '0', '0', '0', '0', '0', '0', '0', '0', '200', '0', '0', '0', '0', '0', '0', '0', '0', '0', '0', '0', '0', '0', '0', '0', '0', '0', '0', '0', '0', '0', '0', '0', '0', '0', '0', '0', '0', '0', '0', '0', '0', '0', '0', '0', '0', '0', '0', '0', '0', '783', '0', '-1', '-1', '1000', '0', '-1', '0', '0', '0', '0', '-1', '0', '-1', '0', '0', '0', '0', '-1', '0', '-1', '0', '0', '0', '0', '-1', '0', '-1', '0', '0', '0', '0', '-1', '0', '-1', '0', 'Ihr nehmt eine Eurer Umgebung angepasste Reisegestalt an.', '0', '0', '0', '0', '0', '7', '0', '0', '0', '0', '0', '0', '0', '0', '16', '0', '0', '0', '0', '0', '0', '0', '0', '0', '-1', '0', '0', '0', '0', '', '0', '0', '0', '0', '0', '12340');
REPLACE INTO `item_template` VALUES ('60040', '15', '0', '-1', '1000 Gold', '7352', '4', '0', '0', '1', '10000000', '10000000', '0', '-1', '-1', '255', '0', '0', '0', '0', '0', '0', '0', '0', '0', '1', '0', '10', '0', '0', '0', '0', '0', '0', '0', '0', '0', '0', '0', '0', '0', '0', '0', '0', '0', '0', '0', '0', '0', '0', '0', '0', '0', '0', '0', '0', '0', '0', '0', '0', '0', '0', '0', '1000', '0', '0', '0', '0', '0', '0', '-1', '0', '-1', '0', '0', '0', '0', '-1', '0', '-1', '0', '0', '0', '0', '-1', '0', '-1', '0', '0', '0', '0', '-1', '0', '-1', '0', '0', '0', '0', '-1', '0', '-1', '0', 'Goldbarren im Wert von 1000 Goldstücken!', '0', '0', '0', '0', '0', '4', '0', '0', '0', '0', '0', '0', '0', '0', '1024', '0', '0', '0', '0', '0', '0', '0', '0', '0', '-1', '0', '0', '0', '0', '', '0', '0', '0', '0', '0', '0');
REPLACE INTO `item_template` VALUES ('60041', '15', '0', '-1', '10000 Gold', '7352', '4', '0', '0', '1', '100000000', '100000000', '0', '-1', '-1', '255', '0', '0', '0', '0', '0', '0', '0', '0', '0', '1', '0', '10', '0', '0', '0', '0', '0', '0', '0', '0', '0', '0', '0', '0', '0', '0', '0', '0', '0', '0', '0', '0', '0', '0', '0', '0', '0', '0', '0', '0', '0', '0', '0', '0', '0', '0', '0', '1000', '0', '0', '0', '0', '0', '0', '-1', '0', '-1', '0', '0', '0', '0', '-1', '0', '-1', '0', '0', '0', '0', '-1', '0', '-1', '0', '0', '0', '0', '-1', '0', '-1', '0', '0', '0', '0', '-1', '0', '-1', '0', 'Goldbarren im Wert von 10.000 Goldstücken!', '0', '0', '0', '0', '0', '4', '0', '0', '0', '0', '0', '0', '0', '0', '1024', '0', '0', '0', '0', '0', '0', '0', '0', '0', '-1', '0', '0', '0', '0', '', '0', '0', '0', '0', '0', '1');
REPLACE INTO `item_template` VALUES ('60042', '15', '0', '-1', '100000 Gold', '7352', '4', '0', '0', '1', '1000000000', '1000000000', '0', '-1', '-1', '255', '0', '0', '0', '0', '0', '0', '0', '0', '0', '1', '0', '10', '0', '0', '0', '0', '0', '0', '0', '0', '0', '0', '0', '0', '0', '0', '0', '0', '0', '0', '0', '0', '0', '0', '0', '0', '0', '0', '0', '0', '0', '0', '0', '0', '0', '0', '0', '1000', '0', '0', '0', '0', '0', '0', '-1', '0', '-1', '0', '0', '0', '0', '-1', '0', '-1', '0', '0', '0', '0', '-1', '0', '-1', '0', '0', '0', '0', '-1', '0', '-1', '0', '0', '0', '0', '-1', '0', '-1', '0', 'Goldbarren im Wert von 100.000 Goldstücken!', '0', '0', '0', '0', '0', '4', '0', '0', '0', '0', '0', '0', '0', '0', '1024', '0', '0', '0', '0', '0', '0', '0', '0', '0', '-1', '0', '0', '0', '0', '', '0', '0', '0', '0', '0', '1');
REPLACE INTO `item_template` VALUES ('60043', '15', '0', '-1', 'Event Beleohnungsmarke', '35745', '6', '2048', '0', '1', '0', '1', '0', '-1', '-1', '255', '0', '0', '0', '0', '0', '0', '0', '0', '25000', '999', '0', '10', '0', '0', '0', '0', '0', '0', '0', '0', '0', '0', '0', '0', '0', '0', '0', '0', '0', '0', '0', '0', '0', '0', '0', '0', '0', '0', '0', '0', '0', '0', '0', '0', '0', '0', '0', '0', '0', '0', '0', '0', '-1', '-1', '0', '0', '-1', '0', '0', '0', '0', '-1', '0', '-1', '0', '0', '0', '0', '-1', '0', '-1', '0', '0', '0', '0', '-1', '0', '-1', '0', '0', '0', '0', '-1', '0', '-1', '0', 'Erworben durch das erledigen von Aufgaben, um Epische Belohnungen zu erhalten!', '0', '0', '0', '0', '0', '4', '0', '0', '0', '0', '0', '0', '0', '0', '0', '0', '0', '0', '0', '0', '0', '0', '0', '0', '-1', '0', '0', '0', '0', '', '0', '0', '0', '0', '0', '12340');
REPLACE INTO `item_template` VALUES ('60158', '4', '1', '-1', '|cffFF0000Head Admin Belt', '34699', '6', '0', '0', '1', '0', '1', '6', '-1', '-1', '0', '0', '0', '0', '0', '0', '0', '0', '0', '0', '1', '0', '0', '0', '0', '0', '0', '0', '0', '0', '0', '0', '0', '0', '0', '0', '0', '0', '0', '0', '0', '0', '0', '0', '0', '0', '0', '0', '0', '0', '0', '0', '0', '0', '0', '0', '0', '0', '0', '0', '0', '0', '0', '0', '0', '-1', '0', '-1', '0', '0', '0', '0', '-1', '0', '-1', '0', '0', '0', '0', '-1', '0', '-1', '0', '0', '0', '0', '-1', '0', '-1', '0', '0', '0', '0', '-1', '0', '-1', '1', '|cffFF0000Only Admin\'s will be getting with this gear. Deal with it!', '0', '0', '0', '0', '0', '8', '0', '0', '0', '0', '0', '0', '0', '0', '0', '0', '0', '0', '0', '0', '0', '0', '0', '0', '-1', '0', '0', '0', '0', '', '0', '0', '0', '0', '0', '12340');
REPLACE INTO `item_template` VALUES ('60157', '4', '1', '-1', '|cffFF0000Head Admin Boots', '34684', '6', '0', '0', '1', '0', '1', '8', '-1', '-1', '0', '0', '0', '0', '0', '0', '0', '0', '0', '0', '1', '0', '0', '0', '0', '0', '0', '0', '0', '0', '0', '0', '0', '0', '0', '0', '0', '0', '0', '0', '0', '0', '0', '0', '0', '0', '0', '0', '0', '0', '0', '0', '0', '0', '0', '0', '0', '0', '0', '0', '0', '0', '1', '0', '0', '-1', '0', '-1', '0', '0', '0', '0', '-1', '0', '-1', '0', '0', '0', '0', '-1', '0', '-1', '0', '0', '0', '0', '-1', '0', '-1', '0', '0', '0', '0', '-1', '0', '-1', '1', '|cffFF0000Only Admin\'s will be getting with this gear. Deal with it!', '0', '0', '0', '0', '0', '8', '0', '0', '0', '0', '0', '0', '0', '0', '0', '0', '0', '0', '0', '0', '0', '0', '0', '0', '-1', '0', '0', '0', '0', '', '0', '0', '0', '0', '0', '12340');
REPLACE INTO `item_template` VALUES ('60154', '4', '1', '-1', '|cffFF0000Head Admin Tunic', '34689', '6', '0', '0', '1', '0', '1', '5', '-1', '-1', '0', '0', '0', '0', '0', '0', '0', '0', '0', '0', '1', '0', '0', '0', '0', '0', '0', '0', '0', '0', '0', '0', '0', '0', '0', '0', '0', '0', '0', '0', '0', '0', '0', '0', '0', '0', '0', '0', '0', '0', '0', '0', '0', '0', '0', '0', '0', '0', '0', '0', '0', '0', '1', '0', '0', '-1', '0', '-1', '0', '0', '0', '0', '-1', '0', '-1', '0', '0', '0', '0', '-1', '0', '-1', '0', '0', '0', '0', '-1', '0', '-1', '0', '0', '0', '0', '-1', '0', '-1', '1', '|cffFF0000Only Admin\'s will be getting with this gear. Deal with it!', '0', '0', '0', '0', '0', '8', '0', '0', '0', '0', '0', '0', '0', '0', '0', '0', '0', '0', '0', '0', '0', '0', '0', '0', '-1', '0', '0', '0', '0', '', '0', '0', '0', '0', '0', '12340');
REPLACE INTO `item_template` VALUES ('60155', '4', '1', '-1', '|cffFF0000Head Admin Spaulders', '34688', '6', '0', '0', '1', '0', '1', '3', '-1', '-1', '0', '0', '0', '0', '0', '0', '0', '0', '0', '0', '1', '0', '0', '0', '0', '0', '0', '0', '0', '0', '0', '0', '0', '0', '0', '0', '0', '0', '0', '0', '0', '0', '0', '0', '0', '0', '0', '0', '0', '0', '0', '0', '0', '0', '0', '0', '0', '0', '0', '0', '0', '0', '0', '0', '0', '-1', '0', '-1', '0', '0', '0', '0', '-1', '0', '-1', '0', '0', '0', '0', '-1', '0', '-1', '0', '0', '0', '0', '-1', '0', '-1', '0', '0', '0', '0', '-1', '0', '-1', '1', '|cffFF0000Only Admin\'s will be getting with this gear. Deal with it!', '0', '0', '0', '0', '0', '8', '0', '0', '0', '0', '0', '0', '0', '0', '0', '0', '0', '0', '0', '0', '0', '0', '0', '0', '-1', '0', '0', '0', '0', '', '0', '0', '0', '0', '0', '12340');
REPLACE INTO `item_template` VALUES ('60156', '4', '1', '-1', '|cffFF0000Head Admin Pants', '34687', '6', '0', '0', '1', '0', '1', '7', '-1', '-1', '0', '0', '0', '0', '0', '0', '0', '0', '0', '0', '1', '0', '0', '0', '0', '0', '0', '0', '0', '0', '0', '0', '0', '0', '0', '0', '0', '0', '0', '0', '0', '0', '0', '0', '0', '0', '0', '0', '0', '0', '0', '0', '0', '0', '0', '0', '0', '0', '0', '0', '0', '0', '0', '0', '0', '-1', '0', '-1', '0', '0', '0', '0', '-1', '0', '-1', '0', '0', '0', '0', '-1', '0', '-1', '0', '0', '0', '0', '-1', '0', '-1', '0', '0', '0', '0', '-1', '0', '-1', '1', '|cffFF0000Only Admin\'s will be getting with this gear. Deal with it!', '0', '0', '0', '0', '0', '8', '0', '0', '0', '0', '0', '0', '0', '0', '0', '0', '0', '0', '0', '0', '0', '0', '0', '0', '-1', '0', '0', '0', '0', '', '0', '0', '0', '0', '0', '12340');
REPLACE INTO `item_template` VALUES ('60044', '15', '0', '-1', '|cff8C9CB8Event Rewards Box', '12925', '6', '2052', '0', '1', '0', '1', '0', '-1', '-1', '255', '0', '0', '0', '0', '0', '0', '0', '0', '1', '1', '0', '10', '0', '0', '0', '0', '0', '0', '0', '0', '0', '0', '0', '0', '0', '0', '0', '0', '0', '0', '0', '0', '0', '0', '0', '0', '0', '0', '0', '0', '0', '0', '0', '0', '0', '0', '0', '0', '0', '0', '0', '0', '0', '0', '-1', '0', '-1', '0', '0', '0', '0', '-1', '0', '-1', '0', '0', '0', '0', '-1', '0', '-1', '0', '0', '0', '0', '-1', '0', '-1', '0', '0', '0', '0', '-1', '0', '-1', '1', '|CFFAD3475Open this box to obtain your rewards from King Daeron.', '0', '0', '0', '0', '0', '1', '0', '0', '0', '0', '0', '0', '0', '0', '0', '0', '0', '0', '0', '0', '0', '0', '0', '0', '-1', '0', '0', '0', '0', '', '0', '0', '0', '0', '0', '12340');
REPLACE INTO `item_template` VALUES ('60165', '0', '4', '-1', 'Zauber: Flugtier der alten Welt', '52569', '6', '0', '0', '1', '50000', '5000', '0', '-1', '-1', '255', '1', '0', '0', '0', '0', '0', '0', '0', '0', '5', '0', '10', '0', '0', '0', '0', '0', '0', '0', '0', '0', '0', '0', '0', '0', '0', '0', '0', '0', '0', '0', '0', '0', '0', '0', '0', '0', '0', '0', '0', '0', '0', '0', '0', '0', '0', '0', '1000', '0', '0', '31700', '0', '0', '0', '-1', '0', '-1', '0', '0', '0', '0', '-1', '0', '-1', '0', '0', '0', '0', '-1', '0', '-1', '0', '0', '0', '0', '-1', '0', '-1', '0', '0', '0', '0', '-1', '0', '-1', '0', '', '0', '0', '0', '0', '0', '0', '0', '0', '0', '0', '0', '0', '0', '0', '0', '0', '0', '0', '0', '0', '0', '0', '0', '0', '-1', '0', '0', '0', '0', '', '0', '0', '0', '0', '0', '12340');
REPLACE INTO `item_template` VALUES ('49546', '4', '1', '-1', 'Fishing Cloak', '61400', '4', '0', '0', '1', '0', '1', '16', '-1', '-1', '255', '0', '0', '0', '0', '0', '0', '0', '0', '1', '1', '0', '10', '1', '330', '3', '40', '4', '120', '5', '210', '7', '181', '38', '199', '45', '293', '0', '0', '0', '0', '0', '0', '0', '0', '0', '0', '0', '0', '0', '0', '750', '5', '5', '5', '7', '5', '5', '1000', '0', '0', '0', '0', '0', '0', '-1', '0', '-1', '0', '0', '0', '0', '-1', '0', '-1', '0', '0', '0', '0', '-1', '0', '-1', '0', '0', '0', '0', '-1', '0', '-1', '0', '0', '0', '0', '-1', '0', '-1', '0', '', '0', '0', '0', '0', '0', '0', '0', '0', '0', '0', '0', '0', '0', '0', '0', '0', '0', '0', '0', '0', '0', '0', '0', '0', '-1', '0', '0', '0', '0', '', '0', '0', '0', '0', '0', '12340');
REPLACE INTO `item_template` VALUES ('60151', '9', '0', '-1', 'Lightning Generator', '64251', '4', '32832', '0', '1', '31000', '1', '0', '-1', '-1', '255', '0', '0', '0', '0', '0', '0', '0', '0', '1', '1', '0', '10', '0', '0', '0', '0', '0', '0', '0', '0', '0', '0', '0', '0', '0', '0', '0', '0', '0', '0', '0', '0', '0', '0', '0', '0', '0', '0', '0', '0', '0', '0', '0', '0', '0', '0', '0', '0', '0', '0', '64785', '0', '0', '-1', '300000', '0', '-1', '73078', '0', '0', '0', '300000', '0', '-1', '0', '0', '0', '0', '-1', '0', '-1', '0', '0', '0', '0', '-1', '0', '-1', '0', '0', '0', '0', '-1', '0', '-1', '1', 'Der Donnergott lässt einen Energieblitz auf Euch herab! Coole Sache...', '0', '0', '0', '0', '0', '-1', '0', '0', '0', '0', '0', '0', '0', '0', '0', '0', '0', '0', '0', '0', '0', '0', '0', '0', '-1', '0', '0', '0', '0', '', '0', '0', '0', '0', '0', '12340');
REPLACE INTO `item_template` VALUES ('60150', '9', '0', '-1', 'Geisterschädel', '45947', '4', '32832', '0', '1', '31000', '1', '0', '-1', '-1', '255', '0', '0', '0', '0', '0', '0', '0', '0', '1', '1', '0', '10', '0', '0', '0', '0', '0', '0', '0', '0', '0', '0', '0', '0', '0', '0', '0', '0', '0', '0', '0', '0', '0', '0', '0', '0', '0', '0', '0', '0', '0', '0', '0', '0', '0', '0', '0', '0', '0', '0', '16713', '0', '0', '-1', '300000', '0', '-1', '0', '0', '0', '0', '-1', '0', '-1', '0', '0', '0', '0', '-1', '0', '-1', '0', '0', '0', '0', '-1', '0', '-1', '0', '0', '0', '0', '-1', '0', '-1', '1', 'Verwandelt Euch für 60 Sekunden in einen Geist..', '0', '0', '0', '0', '0', '0', '0', '0', '0', '0', '0', '0', '0', '0', '0', '0', '0', '0', '0', '0', '0', '0', '0', '0', '-1', '0', '0', '0', '0', '', '0', '0', '0', '0', '0', '12340');
REPLACE INTO `item_template` VALUES ('5598', '9', '0', '-1', 'Axt der Schildwache', '64485', '4', '2048', '0', '1', '0', '1', '0', '-1', '-1', '255', '0', '0', '0', '0', '0', '0', '0', '0', '0', '500', '0', '0', '0', '0', '0', '0', '0', '0', '0', '0', '0', '0', '0', '0', '0', '0', '0', '0', '0', '0', '0', '0', '0', '0', '0', '0', '0', '0', '0', '0', '0', '0', '0', '0', '0', '0', '0', '1000', '0', '0', '0', '0', '0', '0', '-1', '0', '-1', '0', '0', '0', '0', '-1', '0', '-1', '0', '0', '0', '0', '-1', '0', '-1', '0', '0', '0', '0', '-1', '0', '-1', '0', '0', '0', '0', '-1', '0', '-1', '0', 'The skull of the ancient humans that felt into a big volcana that were famous for not spitting out hot lava, but spitting out boiling gold. - Awarded in round 6 and up.', '0', '0', '0', '0', '0', '0', '1', '0', '0', '0', '0', '0', '0', '0', '0', '0', '0', '0', '0', '0', '0', '0', '0', '0', '-1', '0', '0', '0', '0', '', '0', '0', '0', '0', '0', '12340');
REPLACE INTO `item_template` VALUES ('60164', '0', '4', '-1', 'Zauber: Argentumschlachtross', '54312', '6', '0', '0', '1', '50000', '5000', '0', '-1', '-1', '255', '1', '0', '0', '0', '0', '0', '0', '0', '0', '200', '0', '0', '0', '0', '0', '0', '0', '0', '0', '0', '0', '0', '0', '0', '0', '0', '0', '0', '0', '0', '0', '0', '0', '0', '0', '0', '0', '0', '0', '0', '0', '0', '0', '0', '0', '0', '0', '1000', '0', '0', '66907', '0', '0', '0', '-1', '0', '-1', '0', '0', '0', '0', '-1', '0', '-1', '0', '0', '0', '0', '-1', '0', '-1', '0', '0', '0', '0', '-1', '0', '-1', '0', '0', '0', '0', '-1', '0', '-1', '1', 'Bleibt nach gebrauch in Eurem Inventar', '0', '0', '0', '0', '0', '0', '1', '0', '0', '0', '0', '0', '0', '0', '0', '0', '0', '0', '0', '0', '0', '0', '0', '0', '-1', '0', '0', '0', '0', '', '0', '0', '0', '0', '0', '12340');
REPLACE INTO `item_template` VALUES ('60045', '2', '7', '-1', 'Magischer Runenschlitzer der Stärke', '31419', '4', '0', '0', '1', '1450000', '550000', '13', '-1', '-1', '0', '83', '0', '0', '0', '0', '0', '0', '0', '0', '0', '0', '3', '4', '55', '3', '37', '32', '67', '0', '0', '0', '0', '0', '0', '0', '0', '0', '0', '0', '0', '0', '0', '0', '0', '364', '745', '0', '0', '0', '0', '0', '0', '0', '0', '0', '0', '0', '1400', '0', '0', '0', '0', '0', '0', '-1', '0', '-1', '0', '0', '0', '0', '-1', '0', '-1', '0', '0', '0', '0', '-1', '0', '-1', '0', '0', '0', '0', '-1', '0', '-1', '0', '0', '0', '0', '-1', '0', '-1', '2', 'Verleiht unvorstellbare Stärke', '0', '0', '0', '0', '0', '0', '1', '0', '0', '0', '0', '500', '0', '0', '0', '0', '2', '2', '4', '1', '0', '0', '3877', '0', '-1', '0', '0', '0', '0', '', '0', '0', '0', '0', '0', '0');
REPLACE INTO `item_template` VALUES ('60046', '2', '7', '-1', 'Magischer Runenschlitzer der Wildheit', '31419', '4', '0', '0', '1', '1450000', '550000', '13', '-1', '-1', '0', '83', '0', '0', '0', '0', '0', '0', '0', '0', '0', '0', '3', '7', '55', '3', '37', '32', '47', '0', '0', '0', '0', '0', '0', '0', '0', '0', '0', '0', '0', '0', '0', '0', '0', '364', '745', '0', '0', '0', '0', '0', '0', '0', '0', '0', '0', '0', '1400', '0', '0', '0', '0', '0', '0', '-1', '0', '-1', '0', '0', '0', '0', '-1', '0', '-1', '0', '0', '0', '0', '-1', '0', '-1', '0', '0', '0', '0', '-1', '0', '-1', '0', '0', '0', '0', '-1', '0', '-1', '2', 'Achtung: Wild!', '0', '0', '0', '0', '0', '0', '0', '0', '0', '0', '0', '500', '0', '0', '0', '0', '8', '2', '4', '1', '0', '0', '3303', '0', '-1', '0', '0', '0', '0', '', '0', '0', '0', '0', '0', '0');
REPLACE INTO `item_template` VALUES ('60047', '2', '7', '-1', 'Magischer Runenschlitzer des Lichts', '31419', '4', '0', '0', '1', '1450000', '550000', '13', '-1', '-1', '0', '83', '0', '0', '0', '0', '0', '0', '0', '0', '0', '0', '3', '7', '37', '5', '55', '42', '45', '0', '0', '0', '0', '0', '0', '0', '0', '0', '0', '0', '0', '0', '0', '0', '0', '364', '745', '1', '0', '0', '0', '0', '0', '0', '0', '0', '0', '0', '1400', '0', '0', '0', '0', '0', '0', '-1', '0', '-1', '0', '0', '0', '0', '-1', '0', '-1', '0', '0', '0', '0', '-1', '0', '-1', '0', '0', '0', '0', '-1', '0', '-1', '0', '0', '0', '0', '-1', '0', '-1', '2', 'Achtung: Wild!', '0', '0', '0', '0', '0', '0', '0', '0', '0', '0', '0', '500', '0', '0', '0', '0', '8', '2', '4', '1', '0', '0', '2864', '0', '-1', '0', '0', '0', '0', '', '0', '0', '0', '0', '0', '0');
REPLACE INTO `item_template` VALUES ('60048', '4', '0', '-1', 'Halskette des Rudelführers', '64272', '4', '0', '0', '1', '1450000', '550000', '2', '-1', '-1', '0', '83', '0', '0', '0', '0', '0', '0', '0', '0', '0', '0', '5', '3', '35', '7', '55', '32', '25', '4', '75', '36', '14', '0', '0', '0', '0', '0', '0', '0', '0', '0', '0', '0', '0', '0', '0', '1', '0', '0', '0', '0', '0', '0', '0', '0', '0', '0', '0', '0', '0', '0', '0', '0', '0', '-1', '0', '-1', '0', '0', '0', '0', '-1', '0', '-1', '0', '0', '0', '0', '-1', '0', '-1', '0', '0', '0', '0', '-1', '0', '-1', '0', '0', '0', '0', '-1', '0', '-1', '2', '', '0', '0', '0', '0', '0', '0', '1', '0', '0', '0', '0', '0', '0', '0', '0', '0', '1', '2', '0', '0', '0', '0', '3313', '0', '-1', '0', '0', '0', '0', '', '0', '0', '0', '0', '0', '0');
REPLACE INTO `item_template` VALUES ('60049', '4', '0', '-1', 'Ring des Rudelführers', '64174', '4', '0', '0', '1', '1450000', '550000', '11', '-1', '-1', '0', '83', '0', '0', '0', '0', '0', '0', '0', '2', '0', '0', '5', '3', '55', '4', '55', '32', '25', '38', '11', '37', '14', '0', '0', '0', '0', '0', '0', '0', '0', '0', '0', '0', '0', '0', '0', '1', '0', '0', '0', '0', '0', '0', '0', '0', '0', '0', '0', '0', '0', '0', '0', '0', '0', '-1', '0', '-1', '0', '0', '0', '0', '-1', '0', '-1', '0', '0', '0', '0', '-1', '0', '-1', '0', '0', '0', '0', '-1', '0', '-1', '0', '0', '0', '0', '-1', '0', '-1', '2', '', '0', '0', '0', '0', '0', '0', '1', '0', '0', '0', '0', '0', '0', '0', '0', '0', '1', '2', '0', '0', '0', '0', '3313', '0', '-1', '0', '0', '0', '0', '', '0', '0', '0', '0', '0', '0');
REPLACE INTO `item_template` VALUES ('60050', '2', '0', '-1', 'Frostaxt des Nordwindes', '64485', '4', '0', '0', '1', '1450000', '550000', '13', '-1', '-1', '0', '83', '0', '0', '0', '0', '0', '0', '0', '2', '0', '0', '4', '4', '22', '7', '38', '13', '16', '14', '11', '0', '0', '0', '0', '0', '0', '0', '0', '0', '0', '0', '0', '0', '0', '355', '585', '1', '0', '0', '0', '0', '0', '0', '0', '0', '0', '0', '0', '0', '0', '0', '0', '0', '0', '-1', '0', '-1', '0', '0', '0', '0', '-1', '0', '-1', '0', '0', '0', '0', '-1', '0', '-1', '0', '0', '0', '0', '-1', '0', '-1', '0', '0', '0', '0', '-1', '0', '-1', '2', '', '0', '0', '0', '0', '0', '0', '0', '0', '0', '0', '0', '110', '0', '0', '0', '0', '1', '0', '0', '0', '0', '0', '3313', '0', '-1', '0', '0', '0', '0', '', '0', '0', '0', '0', '0', '0');
REPLACE INTO `item_template` VALUES ('60051', '2', '5', '-1', 'Kriegsstreitkolben des Nordwindes', '64555', '4', '0', '0', '1', '1550000', '250000', '17', '-1', '-1', '0', '83', '0', '0', '0', '0', '0', '0', '0', '0', '0', '0', '3', '4', '42', '7', '74', '16', '22', '0', '0', '0', '0', '0', '0', '0', '0', '0', '0', '0', '0', '0', '0', '0', '0', '355', '585', '0', '0', '0', '0', '0', '0', '0', '0', '0', '0', '0', '2600', '0', '0', '0', '0', '0', '0', '-1', '0', '-1', '0', '0', '0', '0', '-1', '0', '-1', '0', '0', '0', '0', '-1', '0', '-1', '0', '0', '0', '0', '-1', '0', '-1', '0', '0', '0', '0', '-1', '0', '-1', '2', '', '0', '0', '0', '0', '0', '0', '1', '0', '0', '0', '0', '120', '0', '0', '0', '0', '1', '2', '0', '0', '0', '0', '3312', '0', '-1', '0', '0', '0', '0', '', '0', '0', '0', '0', '0', '0');
REPLACE INTO `item_template` VALUES ('60052', '4', '6', '-1', 'Knochenschild der Teutonen', '65056', '4', '0', '0', '1', '1550000', '250000', '14', '-1', '-1', '0', '83', '0', '0', '0', '0', '0', '0', '0', '0', '0', '0', '4', '4', '135', '7', '85', '13', '55', '14', '35', '0', '0', '0', '0', '0', '0', '0', '0', '0', '0', '0', '0', '0', '0', '0', '0', '0', '0', '0', '0', '8975', '0', '0', '0', '0', '0', '0', '0', '0', '0', '0', '0', '0', '0', '-1', '0', '-1', '0', '0', '0', '0', '-1', '0', '-1', '0', '0', '0', '0', '-1', '0', '-1', '0', '0', '0', '0', '-1', '0', '-1', '0', '0', '0', '0', '-1', '0', '-1', '2', 'Aus Menschlichen Knochen gefertigt!', '0', '0', '0', '0', '0', '6', '4', '0', '0', '0', '0', '120', '0', '0', '0', '0', '2', '2', '4', '1', '0', '0', '3877', '0', '-1', '0', '0', '0', '0', '', '0', '0', '0', '0', '0', '0');
REPLACE INTO `item_template` VALUES ('60053', '4', '1', '-1', 'Runenumhang der eisigen Nordmeere', '51734', '4', '0', '0', '1', '0', '0', '16', '-1', '-1', '265', '83', '0', '0', '0', '0', '0', '0', '0', '0', '0', '0', '9', '4', '355', '3', '375', '1', '575', '7', '355', '32', '275', '19', '275', '38', '555', '37', '245', '46', '455', '0', '0', '0', '0', '0', '0', '0', '0', '0', '0', '2755', '75', '57', '75', '57', '57', '75', '0', '0', '0', '34189', '0', '0', '0', '-1', '0', '-1', '34199', '0', '0', '0', '-1', '0', '-1', '18', '0', '0', '0', '-1', '0', '-1', '0', '0', '0', '0', '-1', '0', '-1', '0', '0', '0', '0', '-1', '0', '-1', '2', 'Aus Menschenhaut gefertigt!', '0', '0', '0', '0', '0', '7', '0', '0', '0', '0', '0', '220', '0', '0', '0', '0', '2', '2', '4', '2', '0', '0', '3877', '0', '-1', '0', '0', '0', '0', '', '0', '0', '0', '0', '0', '0');
REPLACE INTO `item_template` VALUES ('60054', '4', '1', '-1', 'Kapuze der Schattenmagie', '51495', '3', '0', '0', '1', '120000', '70000', '1', '-1', '-1', '255', '30', '0', '0', '0', '0', '0', '0', '0', '0', '0', '0', '4', '5', '45', '6', '27', '7', '18', '45', '26', '0', '0', '0', '0', '0', '0', '0', '0', '0', '0', '0', '0', '0', '0', '0', '0', '0', '0', '0', '0', '175', '0', '0', '0', '0', '0', '0', '0', '0', '0', '0', '0', '0', '0', '-1', '0', '-1', '0', '0', '0', '0', '-1', '0', '-1', '0', '0', '0', '0', '-1', '0', '-1', '0', '0', '0', '0', '-1', '0', '-1', '0', '0', '0', '0', '-1', '0', '-1', '2', '', '0', '0', '0', '0', '0', '7', '0', '0', '0', '0', '0', '100', '0', '0', '0', '0', '0', '0', '0', '0', '0', '0', '0', '0', '-1', '0', '0', '0', '0', '', '0', '0', '0', '0', '0', '0');
REPLACE INTO `item_template` VALUES ('60055', '4', '1', '-1', 'Schulterstücke der Schattenmagie', '51501', '3', '0', '0', '1', '120000', '70000', '3', '-1', '-1', '255', '30', '0', '0', '0', '0', '0', '0', '0', '0', '0', '0', '4', '5', '35', '6', '22', '7', '14', '45', '36', '0', '0', '0', '0', '0', '0', '0', '0', '0', '0', '0', '0', '0', '0', '0', '0', '0', '0', '0', '0', '164', '0', '0', '0', '0', '0', '0', '0', '0', '0', '0', '0', '0', '0', '-1', '0', '-1', '0', '0', '0', '0', '-1', '0', '-1', '0', '0', '0', '0', '-1', '0', '-1', '0', '0', '0', '0', '-1', '0', '-1', '0', '0', '0', '0', '-1', '0', '-1', '2', '', '0', '0', '0', '0', '0', '7', '0', '0', '0', '0', '902', '100', '0', '0', '0', '0', '0', '0', '0', '0', '0', '0', '0', '0', '-1', '0', '0', '0', '0', '', '0', '0', '0', '0', '0', '0');
REPLACE INTO `item_template` VALUES ('60056', '4', '1', '-1', 'Dunkle Robe der Schattenmagie', '51494', '3', '0', '0', '1', '120000', '70000', '5', '-1', '-1', '255', '30', '0', '0', '0', '0', '0', '0', '0', '0', '0', '0', '4', '5', '44', '6', '16', '7', '24', '42', '56', '0', '0', '0', '0', '0', '0', '0', '0', '0', '0', '0', '0', '0', '0', '0', '0', '0', '0', '0', '0', '192', '0', '0', '0', '0', '0', '0', '0', '0', '0', '0', '0', '0', '0', '-1', '0', '-1', '0', '0', '0', '0', '-1', '0', '-1', '0', '0', '0', '0', '-1', '0', '-1', '0', '0', '0', '0', '-1', '0', '-1', '0', '0', '0', '0', '-1', '0', '-1', '2', '', '0', '0', '0', '0', '0', '7', '0', '0', '0', '0', '902', '100', '0', '0', '0', '0', '0', '0', '0', '0', '0', '0', '0', '0', '-1', '0', '0', '0', '0', '', '0', '0', '0', '0', '0', '0');
REPLACE INTO `item_template` VALUES ('60057', '4', '1', '-1', 'Beinkleider der Schattenmagie', '34622', '3', '0', '0', '1', '120000', '70000', '7', '-1', '-1', '255', '30', '0', '0', '0', '0', '0', '0', '0', '0', '0', '0', '4', '5', '34', '6', '12', '7', '17', '42', '32', '0', '0', '0', '0', '0', '0', '0', '0', '0', '0', '0', '0', '0', '0', '0', '0', '0', '0', '0', '0', '146', '0', '0', '0', '0', '0', '0', '0', '0', '0', '0', '0', '0', '0', '-1', '0', '-1', '0', '0', '0', '0', '-1', '0', '-1', '0', '0', '0', '0', '-1', '0', '-1', '0', '0', '0', '0', '-1', '0', '-1', '0', '0', '0', '0', '-1', '0', '-1', '2', '', '0', '0', '0', '0', '0', '7', '0', '0', '0', '0', '902', '100', '0', '0', '0', '0', '0', '0', '0', '0', '0', '0', '0', '0', '-1', '0', '0', '0', '0', '', '0', '0', '0', '0', '0', '0');
REPLACE INTO `item_template` VALUES ('60058', '4', '1', '-1', 'Handschutz der Schattenmagie', '51498', '3', '0', '0', '1', '120000', '70000', '10', '-1', '-1', '255', '30', '0', '0', '0', '0', '0', '0', '0', '0', '0', '0', '4', '5', '22', '6', '17', '7', '26', '42', '12', '0', '0', '0', '0', '0', '0', '0', '0', '0', '0', '0', '0', '0', '0', '0', '0', '0', '0', '0', '0', '159', '0', '0', '0', '0', '0', '0', '0', '0', '0', '0', '0', '0', '0', '-1', '0', '-1', '0', '0', '0', '0', '-1', '0', '-1', '0', '0', '0', '0', '-1', '0', '-1', '0', '0', '0', '0', '-1', '0', '-1', '0', '0', '0', '0', '-1', '0', '-1', '2', '', '0', '0', '0', '0', '0', '7', '0', '0', '0', '0', '902', '100', '0', '0', '0', '0', '0', '0', '0', '0', '0', '0', '0', '0', '-1', '0', '0', '0', '0', '', '0', '0', '0', '0', '0', '0');
REPLACE INTO `item_template` VALUES ('60059', '4', '1', '-1', 'Fußschutz der Schattenmagie', '51496', '3', '0', '0', '1', '120000', '70000', '8', '-1', '-1', '255', '30', '0', '0', '0', '0', '0', '0', '0', '0', '0', '0', '4', '5', '32', '6', '22', '7', '14', '42', '18', '0', '0', '0', '0', '0', '0', '0', '0', '0', '0', '0', '0', '0', '0', '0', '0', '0', '0', '0', '0', '164', '0', '0', '0', '0', '0', '0', '0', '0', '0', '0', '0', '0', '0', '-1', '0', '-1', '0', '0', '0', '0', '-1', '0', '-1', '0', '0', '0', '0', '-1', '0', '-1', '0', '0', '0', '0', '-1', '0', '-1', '0', '0', '0', '0', '-1', '0', '-1', '2', '', '0', '0', '0', '0', '0', '7', '0', '0', '0', '0', '902', '100', '0', '0', '0', '0', '0', '0', '0', '0', '0', '0', '0', '0', '-1', '0', '0', '0', '0', '', '0', '0', '0', '0', '0', '0');
REPLACE INTO `item_template` VALUES ('60060', '4', '1', '-1', 'Gürtel der Schattenmagie', '51497', '3', '0', '0', '1', '120000', '70000', '6', '-1', '-1', '255', '30', '0', '0', '0', '0', '0', '0', '0', '0', '0', '0', '4', '5', '32', '6', '22', '7', '14', '42', '18', '0', '0', '0', '0', '0', '0', '0', '0', '0', '0', '0', '0', '0', '0', '0', '0', '0', '0', '0', '0', '164', '0', '0', '0', '0', '0', '0', '0', '0', '0', '0', '0', '0', '0', '-1', '0', '-1', '0', '0', '0', '0', '-1', '0', '-1', '0', '0', '0', '0', '-1', '0', '-1', '0', '0', '0', '0', '-1', '0', '-1', '0', '0', '0', '0', '-1', '0', '-1', '2', '', '0', '0', '0', '0', '0', '7', '0', '0', '0', '0', '902', '100', '0', '0', '0', '0', '0', '0', '0', '0', '0', '0', '0', '0', '-1', '0', '0', '0', '0', '', '0', '0', '0', '0', '0', '0');
REPLACE INTO `item_template` VALUES ('60061', '4', '1', '-1', 'Schwarzes Runenhemd', '58544', '3', '0', '0', '1', '0', '0', '4', '-1', '-1', '255', '30', '0', '0', '0', '0', '0', '0', '0', '0', '0', '0', '3', '5', '45', '6', '45', '7', '45', '0', '0', '0', '0', '0', '0', '0', '0', '0', '0', '0', '0', '0', '0', '0', '0', '0', '0', '0', '0', '0', '0', '155', '0', '0', '0', '0', '0', '0', '0', '0', '0', '0', '0', '0', '0', '-1', '0', '-1', '0', '0', '0', '0', '-1', '0', '-1', '0', '0', '0', '0', '-1', '0', '-1', '0', '0', '0', '0', '-1', '0', '-1', '0', '0', '0', '0', '-1', '0', '-1', '2', '', '0', '0', '0', '0', '0', '7', '0', '0', '0', '0', '902', '120', '0', '0', '0', '0', '0', '0', '0', '0', '0', '0', '0', '0', '-1', '0', '0', '0', '0', '', '0', '0', '0', '0', '0', '0');
REPLACE INTO `item_template` VALUES ('60163', '0', '4', '-1', 'Zauberstein des Argentumschlachtrosses', '54312', '1', '0', '0', '1', '500', '125', '0', '-1', '-1', '275', '1', '0', '0', '0', '0', '0', '0', '0', '0', '200', '0', '0', '0', '0', '0', '0', '0', '0', '0', '0', '0', '0', '0', '0', '0', '0', '0', '0', '0', '0', '0', '0', '0', '0', '0', '0', '0', '0', '0', '0', '0', '0', '0', '0', '0', '0', '0', '0', '0', '0', '66907', '0', '-1', '-1', '1000', '0', '-1', '0', '0', '0', '0', '-1', '0', '-1', '0', '0', '0', '0', '-1', '0', '-1', '0', '0', '0', '0', '-1', '0', '-1', '0', '0', '0', '0', '-1', '0', '-1', '0', 'Wird bei der Benutzung verbraucht!', '0', '0', '0', '0', '0', '7', '0', '0', '0', '0', '0', '0', '0', '0', '16', '0', '0', '0', '0', '0', '0', '0', '0', '0', '-1', '0', '0', '0', '0', '', '0', '0', '0', '0', '0', '12340');
REPLACE INTO `item_template` VALUES ('60062', '2', '14', '-1', 'Abgetrennter Kopf des Verräters', '3486', '4', '0', '0', '1', '150000', '42200', '22', '-1', '-1', '0', '30', '0', '0', '0', '0', '0', '0', '0', '0', '0', '0', '3', '5', '43', '6', '22', '7', '19', '0', '0', '0', '0', '0', '0', '0', '0', '0', '0', '0', '0', '0', '0', '0', '0', '0', '0', '0', '0', '0', '0', '0', '12', '0', '0', '0', '22', '27', '0', '0', '0', '0', '0', '0', '0', '-1', '0', '-1', '0', '0', '0', '0', '-1', '0', '-1', '0', '0', '0', '0', '-1', '0', '-1', '0', '0', '0', '0', '-1', '0', '-1', '0', '0', '0', '0', '-1', '0', '-1', '2', 'Verrat zahlt sich nie aus!', '0', '0', '0', '0', '0', '0', '0', '0', '0', '0', '0', '0', '0', '0', '0', '0', '1', '0', '0', '0', '0', '0', '0', '0', '-1', '0', '0', '0', '0', '', '0', '0', '0', '0', '0', '0');
REPLACE INTO `item_template` VALUES ('60063', '4', '1', '-1', 'Kopfschutz des Blutes', '38699', '3', '0', '0', '1', '230797', '46159', '1', '2047', '-1', '135', '70', '0', '0', '0', '0', '0', '0', '0', '0', '1', '0', '2', '5', '45', '32', '37', '18', '75', '7', '45', '0', '0', '0', '0', '0', '0', '0', '0', '0', '0', '0', '0', '0', '0', '0', '0', '0', '0', '0', '0', '1245', '0', '0', '0', '0', '0', '0', '0', '0', '0', '0', '0', '0', '0', '-1', '0', '-1', '0', '0', '0', '0', '-1', '0', '-1', '0', '0', '0', '0', '-1', '0', '-1', '0', '0', '0', '0', '-1', '0', '-1', '0', '0', '0', '0', '-1', '0', '-1', '2', '', '0', '0', '0', '0', '0', '-1', '0', '0', '0', '0', '0', '80', '0', '0', '0', '0', '0', '0', '0', '0', '0', '0', '0', '0', '275', '0', '0', '0', '0', '', '52', '0', '0', '0', '0', '12340');
REPLACE INTO `item_template` VALUES ('60064', '4', '1', '-1', 'Brustschutz der Blutes', '48927', '4', '0', '0', '1', '558829', '111765', '5', '1535', '2147483647', '175', '70', '0', '0', '0', '0', '0', '0', '0', '0', '1', '0', '3', '5', '77', '7', '55', '32', '41', '38', '24', '21', '43', '0', '0', '0', '0', '0', '0', '0', '0', '0', '0', '0', '0', '0', '0', '0', '0', '0', '0', '2245', '0', '0', '0', '0', '0', '0', '0', '0', '0', '40934', '1', '0', '0', '-1', '0', '-1', '0', '1', '0', '0', '-1', '0', '-1', '0', '1', '0', '0', '-1', '0', '-1', '0', '0', '0', '0', '-1', '0', '-1', '0', '0', '0', '0', '-1', '0', '-1', '1', '', '0', '0', '0', '0', '0', '1', '0', '0', '0', '0', '0', '165', '0', '0', '0', '0', '2', '0', '2', '0', '2', '0', '3263', '0', '300', '0', '0', '0', '0', '', '67', '0', '0', '0', '0', '12340');
REPLACE INTO `item_template` VALUES ('60065', '4', '1', '-1', 'Stulpen des Blutes', '52477', '3', '0', '0', '1', '181289', '36257', '10', '-1', '-1', '134', '70', '0', '0', '0', '0', '0', '0', '0', '0', '1', '0', '2', '32', '30', '5', '55', '7', '45', '21', '45', '42', '34', '0', '0', '0', '0', '0', '0', '0', '0', '0', '0', '0', '0', '0', '0', '0', '0', '0', '0', '1246', '0', '0', '0', '0', '0', '0', '0', '0', '0', '18034', '1', '0', '0', '-1', '0', '-1', '21629', '1', '0', '0', '-1', '0', '-1', '0', '0', '0', '0', '-1', '0', '-1', '0', '0', '0', '0', '-1', '0', '-1', '0', '0', '0', '0', '-1', '0', '-1', '2', '', '0', '0', '0', '0', '0', '6', '0', '0', '0', '0', '0', '45', '0', '0', '0', '0', '0', '0', '0', '0', '0', '0', '0', '0', '325', '0', '0', '0', '0', '', '53', '0', '0', '0', '0', '12340');
REPLACE INTO `item_template` VALUES ('60066', '4', '1', '-1', 'Schulterschutz des Blutes', '45413', '4', '4096', '0', '1', '375545', '75109', '3', '262143', '32767', '141', '70', '0', '0', '0', '0', '0', '0', '0', '0', '1', '0', '4', '4', '47', '7', '29', '36', '35', '31', '19', '5', '157', '45', '45', '0', '0', '0', '0', '0', '0', '0', '0', '0', '0', '0', '0', '0', '0', '0', '0', '1324', '0', '0', '0', '0', '0', '0', '0', '0', '0', '0', '1', '0', '0', '-1', '0', '-1', '0', '1', '0', '0', '-1', '0', '-1', '0', '1', '0', '0', '-1', '0', '-1', '0', '0', '0', '0', '-1', '0', '-1', '0', '0', '0', '0', '-1', '0', '-1', '1', '', '0', '0', '0', '0', '0', '1', '0', '0', '0', '0', '0', '100', '0', '0', '0', '0', '0', '0', '0', '0', '0', '0', '0', '0', '300', '0', '0', '0', '0', '', '67', '0', '0', '0', '0', '12340');
REPLACE INTO `item_template` VALUES ('60067', '4', '1', '-1', 'Beinschutz des Blutes', '54811', '3', '0', '0', '1', '423090', '84618', '7', '-1', '-1', '163', '74', '0', '0', '0', '0', '0', '0', '0', '0', '1', '0', '3', '45', '89', '32', '44', '43', '15', '5', '55', '45', '34', '6', '37', '0', '0', '0', '0', '0', '0', '0', '0', '0', '0', '0', '0', '0', '0', '0', '0', '1618', '0', '0', '0', '0', '0', '0', '0', '0', '0', '0', '1', '0', '0', '-1', '0', '-1', '0', '0', '0', '0', '-1', '0', '-1', '0', '0', '0', '0', '-1', '0', '-1', '0', '0', '0', '0', '-1', '0', '-1', '0', '0', '0', '0', '-1', '0', '-1', '2', '', '0', '0', '0', '0', '0', '6', '0', '0', '0', '0', '0', '100', '0', '0', '0', '0', '0', '0', '0', '0', '0', '0', '0', '0', '325', '0', '0', '0', '0', '', '53', '0', '0', '0', '0', '12340');
REPLACE INTO `item_template` VALUES ('60068', '4', '1', '-1', 'Getemperter Blutgürtel', '51675', '3', '0', '0', '1', '208824', '41764', '6', '-1', '-1', '163', '74', '0', '0', '0', '0', '0', '0', '0', '0', '1', '0', '3', '7', '49', '4', '24', '12', '57', '5', '45', '45', '44', '21', '55', '0', '0', '0', '0', '0', '0', '0', '0', '0', '0', '0', '0', '0', '0', '0', '0', '1040', '0', '0', '0', '0', '0', '0', '0', '0', '0', '0', '0', '0', '0', '-1', '0', '-1', '0', '0', '0', '0', '-1', '0', '-1', '0', '0', '0', '0', '-1', '0', '-1', '0', '0', '0', '0', '-1', '0', '-1', '0', '0', '0', '0', '-1', '0', '-1', '2', '', '0', '0', '0', '0', '0', '6', '0', '0', '0', '0', '0', '45', '0', '0', '0', '0', '0', '0', '0', '0', '0', '0', '0', '0', '325', '0', '0', '0', '0', '', '53', '0', '0', '0', '0', '12340');
REPLACE INTO `item_template` VALUES ('60069', '9', '0', '-1', 'Progressive Flugform', '61330', '7', '134217792', '0', '1', '2500000', '500000', '0', '-1', '-1', '255', '1', '0', '0', '0', '0', '0', '0', '0', '0', '1', '0', '0', '0', '0', '0', '0', '0', '0', '0', '0', '0', '0', '0', '0', '0', '0', '0', '0', '0', '0', '0', '0', '0', '0', '0', '0', '0', '0', '0', '0', '0', '0', '0', '0', '0', '0', '0', '0', '0', '0', '483', '0', '-1', '0', '-1', '0', '-1', '31700', '6', '0', '0', '-1', '0', '-1', '0', '0', '0', '0', '-1', '0', '-1', '0', '0', '0', '0', '-1', '0', '-1', '0', '0', '0', '0', '-1', '0', '-1', '0', 'Erlerne das fliegen auf jedem Kontinent', '0', '0', '0', '0', '0', '8', '0', '0', '0', '0', '0', '0', '0', '0', '0', '0', '0', '0', '0', '0', '0', '0', '0', '0', '-1', '0', '0', '0', '0', '', '0', '0', '0', '0', '0', '1');
REPLACE INTO `item_template` VALUES ('60139', '4', '1', '-1', 'Umhang des Todesritters', '51734', '5', '0', '0', '1', '120000', '70000', '16', '-1', '-1', '0', '0', '0', '0', '0', '0', '0', '0', '0', '0', '1', '0', '10', '31', '200', '37', '100', '32', '200', '7', '120', '4', '120', '3', '120', '38', '200', '35', '200', '0', '0', '0', '0', '0', '0', '0', '0', '0', '0', '0', '0', '1000', '20', '20', '20', '20', '20', '20', '0', '0', '0', '0', '0', '0', '0', '-1', '0', '-1', '0', '0', '0', '0', '-1', '0', '-1', '0', '0', '0', '0', '-1', '0', '-1', '0', '0', '0', '0', '-1', '0', '-1', '0', '0', '0', '0', '-1', '0', '-1', '0', '', '0', '0', '0', '0', '0', '0', '0', '0', '0', '0', '0', '0', '0', '0', '0', '0', '1', '1', '0', '0', '0', '0', '0', '0', '-1', '0', '0', '0', '0', '', '0', '0', '0', '0', '0', '0');
REPLACE INTO `item_template` VALUES ('60159', '0', '4', '-1', 'Rolle: Teufelsjäger beschwören', '3331', '1', '0', '0', '1', '500', '125', '0', '-1', '-1', '60', '1', '0', '0', '0', '0', '0', '0', '0', '0', '200', '0', '0', '0', '0', '0', '0', '0', '0', '0', '0', '0', '0', '0', '0', '0', '0', '0', '0', '0', '0', '0', '0', '0', '0', '0', '0', '0', '0', '0', '0', '0', '0', '0', '0', '0', '0', '0', '0', '0', '0', '8176', '0', '-1', '-1', '1000', '0', '-1', '0', '0', '0', '0', '-1', '0', '-1', '0', '0', '0', '0', '-1', '0', '-1', '0', '0', '0', '0', '-1', '0', '-1', '0', '0', '0', '0', '-1', '0', '-1', '0', '', '0', '0', '0', '0', '0', '7', '0', '0', '0', '0', '0', '0', '0', '0', '16', '0', '0', '0', '0', '0', '0', '0', '0', '0', '-1', '0', '0', '0', '0', '', '0', '0', '0', '0', '0', '12340');
REPLACE INTO `item_template` VALUES ('60160', '0', '4', '-1', 'Rolle: Waldwolf beschwören', '3331', '1', '0', '0', '1', '500', '125', '0', '-1', '-1', '60', '1', '0', '0', '0', '0', '0', '0', '0', '0', '200', '0', '0', '0', '0', '0', '0', '0', '0', '0', '0', '0', '0', '0', '0', '0', '0', '0', '0', '0', '0', '0', '0', '0', '0', '0', '0', '0', '0', '0', '0', '0', '0', '0', '0', '0', '0', '0', '0', '0', '0', '459', '0', '-1', '-1', '1000', '0', '-1', '0', '0', '0', '0', '-1', '0', '-1', '0', '0', '0', '0', '-1', '0', '-1', '0', '0', '0', '0', '-1', '0', '-1', '0', '0', '0', '0', '-1', '0', '-1', '0', '', '0', '0', '0', '0', '0', '7', '0', '0', '0', '0', '0', '0', '0', '0', '16', '0', '0', '0', '0', '0', '0', '0', '0', '0', '-1', '0', '0', '0', '0', '', '0', '0', '0', '0', '0', '12340');
REPLACE INTO `item_template` VALUES ('60161', '0', '4', '-1', 'Rolle: Pferd beschwören', '3331', '1', '0', '0', '1', '500', '125', '0', '-1', '-1', '60', '1', '0', '0', '0', '0', '0', '0', '0', '0', '200', '0', '0', '0', '0', '0', '0', '0', '0', '0', '0', '0', '0', '0', '0', '0', '0', '0', '0', '0', '0', '0', '0', '0', '0', '0', '0', '0', '0', '0', '0', '0', '0', '0', '0', '0', '0', '0', '0', '0', '0', '458', '0', '-1', '-1', '1000', '0', '-1', '0', '0', '0', '0', '-1', '0', '-1', '0', '0', '0', '0', '-1', '0', '-1', '0', '0', '0', '0', '-1', '0', '-1', '0', '0', '0', '0', '-1', '0', '-1', '0', '', '0', '0', '0', '0', '0', '7', '0', '0', '0', '0', '0', '0', '0', '0', '16', '0', '0', '0', '0', '0', '0', '0', '0', '0', '-1', '0', '0', '0', '0', '', '0', '0', '0', '0', '0', '12340');
REPLACE INTO `item_template` VALUES ('60162', '0', '4', '-1', 'Rolle der Geschwindigkeit', '3331', '1', '0', '0', '1', '500', '125', '0', '-1', '-1', '60', '1', '0', '0', '0', '0', '0', '0', '0', '0', '200', '0', '0', '0', '0', '0', '0', '0', '0', '0', '0', '0', '0', '0', '0', '0', '0', '0', '0', '0', '0', '0', '0', '0', '0', '0', '0', '0', '0', '0', '0', '0', '0', '0', '0', '0', '0', '0', '0', '0', '0', '22863', '0', '-1', '-1', '1000', '0', '-1', '0', '0', '0', '0', '-1', '0', '-1', '0', '0', '0', '0', '-1', '0', '-1', '0', '0', '0', '0', '-1', '0', '-1', '0', '0', '0', '0', '-1', '0', '-1', '0', '', '0', '0', '0', '0', '0', '7', '0', '0', '0', '0', '0', '0', '0', '0', '16', '0', '0', '0', '0', '0', '0', '0', '0', '0', '-1', '0', '0', '0', '0', '', '0', '0', '0', '0', '0', '12340');
